URL,url_length,has_ip_address,dot_count,https_flag,url_entropy,token_count,subdomain_count,query_param_count,tld_length,path_length,has_hyphen_in_domain,number_of_digits,tld_popularity,suspicious_file_extension,domain_name_length,percentage_numeric_chars,ClassLabel
https://www.google.com,22,0,2,1,3.663532755,4,1,0,3,0,0,0,1,0,6,0,1
https://www.youtube.com,23,0,2,1,3.762267391,4,1,0,3,0,0,0,1,0,7,0,1
https://www.facebook.com,24,0,2,1,3.855388542,4,1,0,3,0,0,0,1,0,8,0,1
https://www.baidu.com,21,0,2,1,3.880179923,4,1,0,3,0,0,0,1,0,5,0,1
https://www.wikipedia.org,25,0,2,1,3.81366069,4,1,0,3,0,0,0,1,0,9,0,1
https://www.reddit.com,22,0,2,1,3.754441846,4,1,0,3,0,0,0,1,0,6,0,1
https://www.yahoo.com,21,0,2,1,3.558518613,4,1,0,3,0,0,0,1,0,5,0,1
https://www.google.co.in,24,0,3,1,3.740601563,5,1,0,4,0,0,0,0,0,6,0,1
https://www.qq.com,18,0,2,1,3.46132014,4,1,0,3,0,0,0,1,0,2,0,1
https://www.amazon.com,22,0,2,1,3.697845823,4,1,0,3,0,0,0,1,0,6,0,1
https://www.taobao.com,22,0,2,1,3.538310596,4,1,0,3,0,0,0,1,0,6,0,1
https://www.twitter.com,23,0,2,1,3.497055848,4,1,0,3,0,0,0,1,0,7,0,1
https://www.tmall.com,21,0,2,1,3.558518613,4,1,0,3,0,0,0,1,0,5,0,1
https://www.google.co.jp,24,0,3,1,3.65726823,5,1,0,4,0,0,0,0,0,6,0,1
https://www.vk.com,18,0,2,1,3.572431251,4,1,0,3,0,0,0,1,0,2,0,1
https://www.live.com,20,0,2,1,3.78418372,4,1,0,3,0,0,0,1,0,4,0,1
https://www.instagram.com,25,0,2,1,3.86346519,4,1,0,3,0,0,0,1,0,9,0,1
https://www.sohu.com,20,0,2,1,3.48418372,4,1,0,3,0,0,0,1,0,4,0,1
https://www.sina.com.cn,23,0,3,1,3.675310869,5,1,0,5,0,0,0,0,0,4,0,1
https://www.jd.com,18,0,2,1,3.572431251,4,1,0,3,0,0,0,1,0,2,0,1
https://www.weibo.com,21,0,2,1,3.630412661,4,1,0,3,0,0,0,1,0,5,0,1
https://www.360.cn,18,0,2,1,3.572431251,4,1,0,2,0,0,3,1,0,3,0.166666667,1
https://www.google.de,21,0,2,1,3.594465637,4,1,0,2,0,0,0,1,0,6,0,1
https://www.google.co.uk,24,0,3,1,3.740601563,5,1,0,4,0,0,0,0,0,6,0,1
https://www.google.com.br,25,0,3,1,3.83326969,5,1,0,5,0,0,0,0,0,6,0,1
https://www.google.fr,21,0,2,1,3.689703732,4,1,0,2,0,0,0,1,0,6,0,1
https://www.google.ru,21,0,2,1,3.689703732,4,1,0,2,0,0,0,1,0,6,0,1
https://www.netflix.com,23,0,2,1,3.936180434,4,1,0,3,0,0,0,1,0,7,0,1
https://www.yandex.ru,21,0,2,1,3.880179923,4,1,0,2,0,0,0,1,0,6,0,1
https://www.list.tmall.com,26,0,3,1,3.613337314,5,2,0,3,0,0,0,1,0,5,0,1
https://www.linkedin.com,24,0,2,1,3.970175521,4,1,0,3,0,0,0,1,0,8,0,1
https://www.twitch.tv,21,0,2,1,3.172810734,4,1,0,2,0,0,0,0,0,6,0,1
https://www.google.it,21,0,2,1,3.558518613,4,1,0,2,0,0,0,0,0,6,0,1
https://www.t.co,16,0,2,1,3.155639062,4,1,0,2,0,0,0,0,0,1,0,1
https://www.google.com.hk,25,0,3,1,3.75326969,5,1,0,5,0,0,0,0,0,6,0,1
https://www.pornhub.com,23,0,2,1,3.795088586,4,1,0,3,0,0,0,1,0,7,0,1
https://www.google.es,21,0,2,1,3.499227542,4,1,0,2,0,0,0,0,0,6,0,1
https://www.alipay.com,22,0,2,1,3.788754914,4,1,0,3,0,0,0,1,0,6,0,1
https://www.xvideos.com,23,0,2,1,3.882045108,4,1,0,3,0,0,0,1,0,7,0,1
https://www.yahoo.co.jp,23,0,3,1,3.555533151,5,1,0,4,0,0,0,0,0,5,0,1
https://www.google.ca,21,0,2,1,3.689703732,4,1,0,2,0,0,0,0,0,6,0,1
https://www.ebay.com,20,0,2,1,3.78418372,4,1,0,3,0,0,0,1,0,4,0,1
https://www.google.com.mx,25,0,3,1,3.75326969,5,1,0,5,0,0,0,0,0,6,0,1
https://www.microsoft.com,25,0,2,1,3.67326969,4,1,0,3,0,0,0,1,0,9,0,1
https://www.bing.com,20,0,2,1,3.78418372,4,1,0,3,0,0,0,1,0,4,0,1
https://www.imgur.com,21,0,2,1,3.784941827,4,1,0,3,0,0,0,1,0,5,0,1
https://www.ok.ru,17,0,2,1,3.4548224,4,1,0,2,0,0,0,1,0,2,0,1
https://www.bongacams.com,25,0,2,1,3.81366069,4,1,0,3,0,0,0,1,0,9,0,1
https://www.imdb.com,20,0,2,1,3.68418372,4,1,0,3,0,0,0,1,0,4,0,1
https://www.aliexpress.com,26,0,2,1,3.950063756,4,1,0,3,0,0,0,1,0,10,0,1
https://www.wikia.com,21,0,2,1,3.630412661,4,1,0,3,0,0,0,1,0,5,0,1
https://www.hao123.com,22,0,2,1,3.788754914,4,1,0,3,0,0,3,1,0,6,0.136363636,1
https://www.mail.ru,19,0,2,1,3.681880803,4,1,0,2,0,0,0,1,0,4,0,1
https://www.office.com,22,0,2,1,3.697845823,4,1,0,3,0,0,0,1,0,6,0,1
https://www.csdn.net,20,0,2,1,3.446439345,4,1,0,3,0,0,0,1,0,4,0,1
https://www.tumblr.com,22,0,2,1,3.754441846,4,1,0,3,0,0,0,1,0,6,0,1
https://www.msn.com,19,0,2,1,3.471354487,4,1,0,3,0,0,0,1,0,3,0,1
https://www.wordpress.com,25,0,2,1,3.65366069,4,1,0,3,0,0,0,1,0,9,0,1
https://www.google.com.au,25,0,3,1,3.83326969,5,1,0,5,0,0,0,0,0,6,0,1
https://www.google.com.tr,25,0,3,1,3.723074189,5,1,0,5,0,0,0,0,0,6,0,1
https://www.microsoftonline.com,31,0,2,1,3.937751955,4,1,0,3,0,0,0,1,0,15,0,1
https://www.whatsapp.com,24,0,2,1,3.438721876,4,1,0,3,0,0,0,1,0,8,0,1
https://www.github.com,22,0,2,1,3.754441846,4,1,0,3,0,0,0,1,0,6,0,1
https://www.google.com.tw,25,0,3,1,3.59326969,5,1,0,5,0,0,0,0,0,6,0,1
https://www.apple.com,21,0,2,1,3.653756708,4,1,0,3,0,0,0,1,0,5,0,1
https://www.livejasmin.com,26,0,2,1,4.056020968,4,1,0,3,0,0,0,1,0,10,0,1
https://www.amazon.co.jp,24,0,3,1,3.772055209,5,1,0,4,0,0,0,0,0,6,0,1
https://www.blogspot.com,24,0,2,1,3.65726823,4,1,0,3,0,0,0,1,0,8,0,1
https://www.google.pl,21,0,2,1,3.499227542,4,1,0,2,0,0,0,0,0,6,0,1
https://www.deloton.com,23,0,2,1,3.729446195,4,1,0,3,0,0,0,1,0,7,0,1
https://www.popads.net,22,0,2,1,3.538310596,4,1,0,3,0,0,0,1,0,6,0,1
https://www.paypal.com,22,0,2,1,3.663532755,4,1,0,3,0,0,0,1,0,6,0,1
https://www.xhamster.com,24,0,2,1,3.772055209,4,1,0,3,0,0,0,1,0,8,0,1
https://www.stackoverflow.com,29,0,2,1,3.978333581,4,1,0,3,0,0,0,1,0,13,0,1
https://www.google.co.id,24,0,3,1,3.740601563,5,1,0,4,0,0,0,0,0,6,0,1
https://www.detail.tmall.com,28,0,3,1,3.79790269,5,2,0,3,0,0,0,1,0,5,0,1
https://www.pinterest.com,25,0,2,1,3.73366069,4,1,0,3,0,0,0,1,0,9,0,1
https://www.diply.com,21,0,2,1,3.784941827,4,1,0,3,0,0,0,1,0,5,0,1
https://www.coinmarketcap.com,29,0,2,1,3.952302978,4,1,0,3,0,0,0,1,0,13,0,1
https://www.gmw.cn,18,0,2,1,3.392147224,4,1,0,2,0,0,0,1,0,3,0,1
https://www.amazon.de,21,0,2,1,3.784941827,4,1,0,2,0,0,0,1,0,6,0,1
https://www.soso.com,20,0,2,1,3.30869497,4,1,0,3,0,0,0,1,0,4,0,1
https://www.google.com.ar,25,0,3,1,3.83326969,5,1,0,5,0,0,0,0,0,6,0,1
https://www.so.com,18,0,2,1,3.350209029,4,1,0,3,0,0,0,1,0,2,0,1
https://www.coccoc.com,22,0,2,1,3.226730915,4,1,0,3,0,0,0,1,0,6,0,1
https://www.adobe.com,21,0,2,1,3.784941827,4,1,0,3,0,0,0,1,0,5,0,1
https://www.amazon.in,21,0,2,1,3.689703732,4,1,0,2,0,0,0,1,0,6,0,1
https://www.amazon.co.uk,24,0,3,1,3.855388542,5,1,0,4,0,0,0,0,0,6,0,1
https://www.savefrom.net,24,0,2,1,3.855388542,4,1,0,3,0,0,0,1,0,8,0,1
https://www.xnxx.com,20,0,2,1,3.546439345,4,1,0,3,0,0,0,1,0,4,0,1
https://www.dropbox.com,23,0,2,1,3.762267391,4,1,0,3,0,0,0,1,0,7,0,1
https://www.googleusercontent.com,33,0,2,1,3.907734271,4,1,0,3,0,0,0,1,0,17,0,1
https://www.google.com.ua,25,0,3,1,3.83326969,5,1,0,5,0,0,0,0,0,6,0,1
https://www.nicovideo.jp,24,0,2,1,3.886842188,4,1,0,2,0,0,0,0,0,9,0,1
https://www.tianya.cn,21,0,2,1,3.558518613,4,1,0,2,0,0,0,1,0,6,0,1
https://www.google.nl,21,0,2,1,3.594465637,4,1,0,2,0,0,0,1,0,6,0,1
https://www.pixnet.net,22,0,2,1,3.42511855,4,1,0,3,0,0,0,1,0,6,0,1
https://www.google.co.th,24,0,3,1,3.54248125,5,1,0,4,0,0,0,0,0,6,0,1
https://www.google.com.pk,25,0,3,1,3.75326969,5,1,0,5,0,0,0,0,0,6,0,1
https://www.tribunnews.com,26,0,2,1,3.902174814,4,1,0,3,0,0,0,1,0,10,0,1
https://www.google.com.sa,25,0,3,1,3.75326969,5,1,0,5,0,0,0,0,0,6,0,1
https://www.thepiratebay.org,28,0,2,1,3.851823226,4,1,0,3,0,0,0,1,0,12,0,1
https://www.espn.com,20,0,2,1,3.58418372,4,1,0,3,0,0,0,1,0,4,0,1
https://www.bbc.co.uk,21,0,3,1,3.558518613,5,1,0,4,0,0,0,0,0,3,0,1
https://www.craigslist.org,26,0,2,1,3.767183468,4,1,0,3,0,0,0,1,0,10,0,1
https://www.bbc.com,19,0,2,1,3.471354487,4,1,0,3,0,0,0,1,0,3,0,1
https://www.google.com.eg,25,0,3,1,3.643074189,5,1,0,5,0,0,0,0,0,6,0,1
https://www.booking.com,23,0,2,1,3.849223912,4,1,0,3,0,0,0,1,0,7,0,1
https://www.soundcloud.com,26,0,2,1,3.796217603,4,1,0,3,0,0,0,1,0,10,0,1
https://www.cnn.com,19,0,2,1,3.471354487,4,1,0,3,0,0,0,1,0,3,0,1
https://www.nytimes.com,23,0,2,1,3.762267391,4,1,0,3,0,0,0,1,0,7,0,1
https://www.chaturbate.com,26,0,2,1,3.825251737,4,1,0,3,0,0,0,1,0,10,0,1
https://www.detik.com,21,0,2,1,3.748994804,4,1,0,3,0,0,0,1,0,5,0,1
https://www.thestartmagazine.com,32,0,2,1,3.965018266,4,1,0,3,0,0,0,1,0,16,0,1
https://www.txxx.com,20,0,2,1,3.40869497,4,1,0,3,0,0,0,1,0,4,0,1
https://www.google.co.za,24,0,3,1,3.740601563,5,1,0,4,0,0,0,0,0,6,0,1
https://www.google.co.ve,24,0,3,1,3.65726823,5,1,0,4,0,0,0,0,0,6,0,1
https://www.naver.com,21,0,2,1,3.880179923,4,1,0,3,0,0,0,1,0,5,0,1
https://www.hitcpm.com,22,0,2,1,3.481714573,4,1,0,3,0,0,0,1,0,6,0,1
https://www.amazonaws.com,25,0,2,1,3.65366069,4,1,0,3,0,0,0,1,0,9,0,1
https://www.onlinesbi.com,25,0,2,1,3.89366069,4,1,0,3,0,0,0,1,0,9,0,1
https://www.exdynsrv.com,24,0,2,1,4.053508855,4,1,0,3,0,0,0,1,0,8,0,1
https://www.ebay.de,19,0,2,1,3.576617645,4,1,0,2,0,0,0,1,0,4,0,1
https://www.rakuten.co.jp,25,0,3,1,3.91326969,5,1,0,4,0,0,0,0,0,7,0,1
https://www.binance.com,23,0,2,1,3.882045108,4,1,0,3,0,0,0,1,0,7,0,1
https://www.roblox.com,22,0,2,1,3.754441846,4,1,0,3,0,0,0,1,0,6,0,1
https://www.ask.com,19,0,2,1,3.576617645,4,1,0,3,0,0,0,1,0,3,0,1
https://www.xinhuanet.com,25,0,2,1,3.94346519,4,1,0,3,0,0,0,1,0,9,0,1
https://www.aparat.com,22,0,2,1,3.538310596,4,1,0,3,0,0,0,1,0,6,0,1
https://www.openload.co,23,0,2,1,3.762267391,4,1,0,2,0,0,0,0,0,8,0,1
https://www.iwanttodeliver.com,30,0,2,1,4.040223929,4,1,0,3,0,0,0,1,0,14,0,1
https://www.spotify.com,23,0,2,1,3.675310869,4,1,0,3,0,0,0,1,0,7,0,1
https://www.vimeo.com,21,0,2,1,3.689703732,4,1,0,3,0,0,0,1,0,5,0,1
https://www.quora.com,21,0,2,1,3.784941827,4,1,0,3,0,0,0,1,0,5,0,1
https://www.steamcommunity.com,30,0,2,1,3.881727679,4,1,0,3,0,0,0,1,0,14,0,1
https://www.chase.com,21,0,2,1,3.594465637,4,1,0,3,0,0,0,1,0,5,0,1
https://www.zhihu.com,21,0,2,1,3.653756708,4,1,0,3,0,0,0,1,0,5,0,1
https://www.stackexchange.com,29,0,2,1,3.952302978,4,1,0,3,0,0,0,1,0,13,0,1
https://www.discordapp.com,26,0,2,1,3.796217603,4,1,0,3,0,0,0,1,0,10,0,1
https://www.softonic.com,24,0,2,1,3.65726823,4,1,0,3,0,0,0,1,0,8,0,1
https://www.google.gr,21,0,2,1,3.558518613,4,1,0,2,0,0,0,0,0,6,0,1
https://www.fbcdn.net,21,0,2,1,3.653756708,4,1,0,3,0,0,0,1,0,5,0,1
https://www.google.com.ph,25,0,3,1,3.67326969,5,1,0,5,0,0,0,0,0,6,0,1
https://www.mediafire.com,25,0,2,1,3.97366069,4,1,0,3,0,0,0,1,0,9,0,1
https://www.dailymotion.com,27,0,2,1,3.930270372,4,1,0,3,0,0,0,1,0,11,0,1
https://www.mozilla.org,23,0,2,1,3.882045108,4,1,0,3,0,0,0,1,0,7,0,1
https://www.youth.cn,20,0,2,1,3.546439345,4,1,0,2,0,0,0,1,0,5,0,1
https://www.theguardian.com,27,0,2,1,4.106377317,4,1,0,3,0,0,0,1,0,11,0,1
https://www.google.se,21,0,2,1,3.499227542,4,1,0,2,0,0,0,0,0,6,0,1
https://www.google.be,21,0,2,1,3.594465637,4,1,0,2,0,0,0,0,0,6,0,1
https://www.ettoday.net,23,0,2,1,3.551191174,4,1,0,3,0,0,0,1,0,7,0,1
https://www.google.co.ao,24,0,3,1,3.605388542,5,1,0,4,0,0,0,0,0,6,0,1
https://www.salesforce.com,26,0,2,1,3.87314068,4,1,0,3,0,0,0,1,0,10,0,1
https://www.google.com.sg,25,0,3,1,3.643074189,5,1,0,5,0,0,0,0,0,6,0,1
https://www.flipkart.com,24,0,2,1,3.938721876,4,1,0,3,0,0,0,1,0,8,0,1
https://www.ebay.co.uk,22,0,3,1,3.845350937,5,1,0,4,0,0,0,0,0,4,0,1
https://www.vice.com,20,0,2,1,3.68418372,4,1,0,3,0,0,0,1,0,4,0,1
https://www.nih.gov,19,0,2,1,3.576617645,4,1,0,3,0,0,0,0,0,3,0,1
https://www.fc2.com,19,0,2,1,3.576617645,4,1,0,3,0,0,1,1,0,3,0.052631579,1
https://www.queuecosm.bid,25,0,2,1,3.97366069,4,1,0,3,0,0,0,0,0,9,0,1
https://www.google.az,21,0,2,1,3.689703732,4,1,0,2,0,0,0,0,0,6,0,1
https://www.avito.ru,20,0,2,1,3.646439345,4,1,0,2,0,0,0,1,0,5,0,1
https://www.douyu.com,21,0,2,1,3.689703732,4,1,0,3,0,0,0,1,0,5,0,1
https://www.cnet.com,20,0,2,1,3.546439345,4,1,0,3,0,0,0,1,0,4,0,1
https://www.blogger.com,23,0,2,1,3.882045108,4,1,0,3,0,0,0,1,0,7,0,1
https://www.google.co.kr,24,0,3,1,3.740601563,5,1,0,4,0,0,0,0,0,6,0,1
https://www.exosrv.com,22,0,2,1,3.788754914,4,1,0,3,0,0,0,1,0,6,0,1
https://www.deviantart.com,26,0,2,1,3.979097891,4,1,0,3,0,0,0,1,0,10,0,1
https://www.dailymail.co.uk,27,0,3,1,4.032303243,5,1,0,4,0,0,0,0,0,9,0,1
https://www.4chan.org,21,0,2,1,3.784941827,4,1,0,3,0,0,1,1,0,5,0.047619048,1
https://www.doubleclick.net,27,0,2,1,4.032303243,4,1,0,3,0,0,0,1,0,11,0,1
https://www.alibaba.com,23,0,2,1,3.762267391,4,1,0,3,0,0,0,1,0,7,0,1
https://www.providr.com,23,0,2,1,3.795088586,4,1,0,3,0,0,0,1,0,7,0,1
https://www.globo.com,21,0,2,1,3.653756708,4,1,0,3,0,0,0,1,0,5,0,1
https://www.steampowered.com,28,0,2,1,3.753434386,4,1,0,3,0,0,0,1,0,12,0,1
https://www.mercadolivre.com.br,31,0,3,1,4.106949133,5,1,0,5,0,0,0,0,0,12,0,1
https://www.indeed.com,22,0,2,1,3.788754914,4,1,0,3,0,0,0,1,0,6,0,1
https://www.google.at,21,0,2,1,3.558518613,4,1,0,2,0,0,0,0,0,6,0,1
https://www.twimg.com,21,0,2,1,3.499227542,4,1,0,3,0,0,0,1,0,5,0,1
https://www.redd.it,19,0,2,1,3.431623566,4,1,0,2,0,0,0,0,0,4,0,1
https://www.1688.com,20,0,2,1,3.68418372,4,1,0,3,0,0,4,1,0,4,0.2,1
https://www.google.com.ng,25,0,3,1,3.723074189,5,1,0,5,0,0,0,0,0,6,0,1
https://www.buzzfeed.com,24,0,2,1,3.970175521,4,1,0,3,0,0,0,1,0,8,0,1
https://www.google.com.vn,25,0,3,1,3.83326969,5,1,0,5,0,0,0,0,0,6,0,1
https://www.google.cn,21,0,2,1,3.689703732,4,1,0,2,0,0,0,1,0,6,0,1
https://www.google.com.co,25,0,3,1,3.62346519,5,1,0,5,0,0,0,0,0,6,0,1
https://www.etsy.com,20,0,2,1,3.546439345,4,1,0,3,0,0,0,1,0,4,0,1
https://www.cloudfront.net,26,0,2,1,3.902174814,4,1,0,3,0,0,0,1,0,10,0,1
https://www.blastingnews.com,28,0,2,1,3.9677201,4,1,0,3,0,0,0,1,0,12,0,1
https://www.login.tmall.com,27,0,3,1,3.828237502,5,2,0,3,0,0,0,1,0,5,0,1
https://www.force.com,21,0,2,1,3.689703732,4,1,0,3,0,0,0,1,0,5,0,1
https://www.onlinevideoconverter.com,36,0,2,1,3.995906598,4,1,0,3,0,0,0,1,0,20,0,1
https://www.amazon.fr,21,0,2,1,3.784941827,4,1,0,2,0,0,0,1,0,6,0,1
https://www.washingtonpost.com,30,0,2,1,3.723231429,4,1,0,3,0,0,0,1,0,14,0,1
https://www.pinimg.com,22,0,2,1,3.697845823,4,1,0,3,0,0,0,1,0,6,0,1
https://www.china.com.cn,24,0,3,1,3.65726823,5,1,0,5,0,0,0,0,0,5,0,1
https://www.messenger.com,25,0,2,1,3.75326969,4,1,0,3,0,0,0,1,0,9,0,1
https://www.tokopedia.com,25,0,2,1,3.83326969,4,1,0,3,0,0,0,1,0,9,0,1
https://www.mama.cn,19,0,2,1,3.471354487,4,1,0,2,0,0,0,1,0,4,0,1
https://www.google.cz,21,0,2,1,3.689703732,4,1,0,2,0,0,0,0,0,6,0,1
https://www.coinbase.com,24,0,2,1,3.886842188,4,1,0,3,0,0,0,1,0,8,0,1
https://www.china.com,21,0,2,1,3.689703732,4,1,0,3,0,0,0,1,0,5,0,1
https://www.sogou.com,21,0,2,1,3.558518613,4,1,0,3,0,0,0,1,0,5,0,1
https://www.google.ro,21,0,2,1,3.558518613,4,1,0,2,0,0,0,0,0,6,0,1
https://www.exoclick.com,24,0,2,1,3.855388542,4,1,0,3,0,0,0,1,0,8,0,1
https://www.walmart.com,23,0,2,1,3.621175543,4,1,0,3,0,0,0,1,0,7,0,1
https://www.yelp.com,20,0,2,1,3.68418372,4,1,0,3,0,0,0,1,0,4,0,1
https://www.babytree.com,24,0,2,1,3.855388542,4,1,0,3,0,0,0,1,0,8,0,1
https://www.amazon.it,21,0,2,1,3.653756708,4,1,0,2,0,0,0,0,0,6,0,1
https://www.google.ch,21,0,2,1,3.594465637,4,1,0,2,0,0,0,0,0,6,0,1
https://www.wikihow.com,23,0,2,1,3.497055848,4,1,0,3,0,0,0,1,0,7,0,1
https://www.google.no,21,0,2,1,3.558518613,4,1,0,2,0,0,0,0,0,6,0,1
https://www.w3schools.com,25,0,2,1,3.54346519,4,1,0,3,0,0,1,1,0,9,0.04,1
https://www.uol.com.br,22,0,3,1,3.754441846,5,1,0,5,0,0,0,0,0,3,0,1
https://www.spankbang.com,25,0,2,1,3.89366069,4,1,0,3,0,0,0,1,0,9,0,1
https://www.google.pt,21,0,2,1,3.463280518,4,1,0,2,0,0,0,0,0,6,0,1
https://www.pages.tmall.com,27,0,3,1,3.782122224,5,2,0,3,0,0,0,1,0,5,0,1
https://www.godaddy.com,23,0,2,1,3.762267391,4,1,0,3,0,0,0,1,0,7,0,1
https://www.slideshare.net,26,0,2,1,3.738149333,4,1,0,3,0,0,0,1,0,10,0,1
https://www.redtube.com,23,0,2,1,3.849223912,4,1,0,3,0,0,0,1,0,7,0,1
https://www.metropcs.mobi,25,0,2,1,3.78346519,4,1,0,4,0,0,0,0,0,8,0,1
https://www.speakol.com,23,0,2,1,3.795088586,4,1,0,3,0,0,0,1,0,7,0,1
https://www.kompas.com,22,0,2,1,3.606936732,4,1,0,3,0,0,0,1,0,6,0,1
https://www.google.ae,21,0,2,1,3.594465637,4,1,0,2,0,0,0,0,0,6,0,1
https://www.gearbest.com,24,0,2,1,3.855388542,4,1,0,3,0,0,0,1,0,8,0,1
https://www.google.com.pe,25,0,3,1,3.67326969,5,1,0,5,0,0,0,0,0,6,0,1
https://www.google.cl,21,0,2,1,3.594465637,4,1,0,2,0,0,0,0,0,6,0,1
https://www.mega.nz,19,0,2,1,3.681880803,4,1,0,2,0,0,0,0,0,4,0,1
https://www.bankofamerica.com,29,0,2,1,4.116264616,4,1,0,3,0,0,0,1,0,13,0,1
https://www.ladbible.com,24,0,2,1,3.970175521,4,1,0,3,0,0,0,1,0,8,0,1
https://www.bet9ja.com,22,0,2,1,3.845350937,4,1,0,3,0,0,1,1,0,6,0.045454545,1
https://www.wellsfargo.com,26,0,2,1,3.931208949,4,1,0,3,0,0,0,1,0,10,0,1
https://www.spotscenered.info,29,0,2,1,3.857306857,4,1,0,4,0,0,0,0,0,12,0,1
https://www.eastday.com,23,0,2,1,3.762267391,4,1,0,3,0,0,0,1,0,7,0,1
https://www.nextoptim.com,25,0,2,1,3.73366069,4,1,0,3,0,0,0,1,0,9,0,1
https://www.youporn.com,23,0,2,1,3.762267391,4,1,0,3,0,0,0,1,0,7,0,1
https://www.gfycat.com,22,0,2,1,3.754441846,4,1,0,3,0,0,0,1,0,6,0,1
https://www.weather.com,23,0,2,1,3.621175543,4,1,0,3,0,0,0,1,0,7,0,1
https://www.hulu.com,20,0,2,1,3.58418372,4,1,0,3,0,0,0,1,0,4,0,1
https://www.onoticioso.com,26,0,2,1,3.503539123,4,1,0,3,0,0,0,1,0,10,0,1
https://www.bilibili.com,24,0,2,1,3.636842188,4,1,0,3,0,0,0,1,0,8,0,1
https://www.speedtest.net,25,0,2,1,3.239079571,4,1,0,3,0,0,0,1,0,9,0,1
https://www.ikea.com,20,0,2,1,3.78418372,4,1,0,3,0,0,0,1,0,4,0,1
https://www.bp.blogspot.com,27,0,3,1,3.652130557,5,2,0,3,0,0,0,1,0,8,0,1
https://www.slack.com,21,0,2,1,3.689703732,4,1,0,3,0,0,0,1,0,5,0,1
https://www.bukalapak.com,25,0,2,1,3.86346519,4,1,0,3,0,0,0,1,0,9,0,1
https://www.caijing.com.cn,26,0,3,1,3.844106545,5,1,0,5,0,0,0,0,0,7,0,1
https://www.yts.am,18,0,2,1,3.308270835,4,1,0,2,0,0,0,0,0,3,0,1
https://www.google.ie,21,0,2,1,3.594465637,4,1,0,2,0,0,0,0,0,6,0,1
https://www.newstrend.news,26,0,2,1,3.368547776,4,1,0,4,0,0,0,0,0,9,0,1
https://www.abs-cbn.com,23,0,2,1,3.795088586,5,1,0,3,0,1,0,1,0,7,0,1
https://www.forbes.com,22,0,2,1,3.788754914,4,1,0,3,0,0,0,1,0,6,0,1
https://www.people.com.cn,25,0,3,1,3.67326969,5,1,0,5,0,0,0,0,0,6,0,1
https://www.indiatimes.com,26,0,2,1,3.844106545,4,1,0,3,0,0,0,1,0,10,0,1
https://www.amazon.es,21,0,2,1,3.689703732,4,1,0,2,0,0,0,0,0,6,0,1
https://www.9gag.com,20,0,2,1,3.68418372,4,1,0,3,0,0,1,1,0,4,0.05,1
https://www.google.dk,21,0,2,1,3.689703732,4,1,0,2,0,0,0,0,0,6,0,1
https://www.upornia.com,23,0,2,1,3.882045108,4,1,0,3,0,0,0,1,0,7,0,1
https://www.kinopoisk.ru,24,0,2,1,3.720175521,4,1,0,2,0,0,0,1,0,9,0,1
https://www.huanqiu.com,23,0,2,1,3.882045108,4,1,0,3,0,0,0,1,0,7,0,1
https://www.youm7.com,21,0,2,1,3.689703732,4,1,0,3,0,0,1,1,0,5,0.047619048,1
https://www.medium.com,22,0,2,1,3.754441846,4,1,0,3,0,0,0,1,0,6,0,1
https://www.zillow.com,22,0,2,1,3.6412498,4,1,0,3,0,0,0,1,0,6,0,1
https://www.tripadvisor.com,27,0,2,1,3.884155095,4,1,0,3,0,0,0,1,0,11,0,1
https://www.gamepedia.com,25,0,2,1,3.89366069,4,1,0,3,0,0,0,1,0,9,0,1
https://www.scribd.com,22,0,2,1,3.788754914,4,1,0,3,0,0,0,1,0,6,0,1
https://www.breitbart.com,25,0,2,1,3.81366069,4,1,0,3,0,0,0,1,0,9,0,1
https://www.wikimedia.org,25,0,2,1,3.89366069,4,1,0,3,0,0,0,1,0,9,0,1
https://www.dkn.tv,18,0,2,1,3.419381946,4,1,0,2,0,0,0,0,0,3,0,1
https://www.kakaku.com,22,0,2,1,3.663532755,4,1,0,3,0,0,0,1,0,6,0,1
https://www.rambler.ru,22,0,2,1,3.754441846,4,1,0,2,0,0,0,1,0,7,0,1
https://www.bittrex.com,23,0,2,1,3.795088586,4,1,0,3,0,0,0,1,0,7,0,1
https://www.sabah.com.tr,24,0,3,1,3.65726823,5,1,0,5,0,0,0,0,0,5,0,1
https://www.ebay-kleinanzeigen.de,33,0,2,1,4.101381529,5,1,0,2,0,1,0,1,0,18,0,1
https://www.foxnews.com,23,0,2,1,3.74095326,4,1,0,3,0,0,0,1,0,7,0,1
https://www.codeonclick.com,27,0,2,1,3.884155095,4,1,0,3,0,0,0,1,0,11,0,1
https://www.trello.com,22,0,2,1,3.663532755,4,1,0,3,0,0,0,1,0,6,0,1
https://www.hclips.com,22,0,2,1,3.606936732,4,1,0,3,0,0,0,1,0,6,0,1
https://www.wetransfer.com,26,0,2,1,3.825251737,4,1,0,3,0,0,0,1,0,10,0,1
https://www.intuit.com,22,0,2,1,3.606936732,4,1,0,3,0,0,0,1,0,6,0,1
https://www.google.dz,21,0,2,1,3.689703732,4,1,0,2,0,0,0,0,0,6,0,1
https://www.livejournal.com,27,0,2,1,4.208410187,4,1,0,3,0,0,0,1,0,11,0,1
https://www.liputan6.com,24,0,2,1,3.938721876,4,1,0,3,0,0,1,1,0,8,0.041666667,1
https://www.google.fi,21,0,2,1,3.689703732,4,1,0,2,0,0,0,0,0,6,0,1
https://www.google.hu,21,0,2,1,3.594465637,4,1,0,2,0,0,0,0,0,6,0,1
https://www.leboncoin.fr,24,0,2,1,3.970175521,4,1,0,2,0,0,0,1,0,9,0,1
https://www.genius.com,22,0,2,1,3.879664005,4,1,0,3,0,0,0,1,0,6,0,1
https://www.bestbuy.com,23,0,2,1,3.762267391,4,1,0,3,0,0,0,1,0,7,0,1
https://www.telegram.org,24,0,2,1,3.772055209,4,1,0,3,0,0,0,1,0,8,0,1
https://www.files.wordpress.com,31,0,3,1,3.897587036,5,2,0,3,0,0,0,1,0,9,0,1
https://www.archive.org,23,0,2,1,3.882045108,4,1,0,3,0,0,0,1,0,7,0,1
https://www.aliyun.com,22,0,2,1,3.970573096,4,1,0,3,0,0,0,1,0,6,0,1
https://www.mmoframes.com,25,0,2,1,3.73366069,4,1,0,3,0,0,0,1,0,9,0,1
https://www.amazon.cn,21,0,2,1,3.689703732,4,1,0,2,0,0,0,1,0,6,0,1
https://www.amazon.ca,21,0,2,1,3.653756708,4,1,0,2,0,0,0,0,0,6,0,1
https://www.huffingtonpost.com,30,0,2,1,3.856564762,4,1,0,3,0,0,0,1,0,14,0,1
https://www.google.co.il,24,0,3,1,3.65726823,5,1,0,4,0,0,0,0,0,6,0,1
https://www.researchgate.net,28,0,2,1,3.637537511,4,1,0,3,0,0,0,1,0,12,0,1
https://www.gmx.net,19,0,2,1,3.536886724,4,1,0,3,0,0,0,1,0,3,0,1
https://www.ltn.com.tw,22,0,3,1,3.42511855,5,1,0,5,0,0,0,0,0,3,0,1
https://www.popcash.net,23,0,2,1,3.555533151,4,1,0,3,0,0,0,1,0,7,0,1
https://www.aol.com,19,0,2,1,3.576617645,4,1,0,3,0,0,0,1,0,3,0,1
https://www.irctc.co.in,23,0,3,1,3.522711956,5,1,0,4,0,0,0,0,0,5,0,1
https://www.allegro.pl,22,0,2,1,3.663532755,4,1,0,2,0,0,0,0,0,7,0,1
https://www.h8vzwpv.com,23,0,2,1,3.653996739,4,1,0,3,0,0,1,1,0,7,0.043478261,1
https://www.goodreads.com,25,0,2,1,3.86346519,4,1,0,3,0,0,0,1,0,9,0,1
https://www.shutterstock.com,28,0,2,1,3.695947226,4,1,0,3,0,0,0,1,0,12,0,1
https://www.thesaurus.com,25,0,2,1,3.75326969,4,1,0,3,0,0,0,1,0,9,0,1
https://www.zippyshare.com,26,0,2,1,3.950063756,4,1,0,3,0,0,0,1,0,10,0,1
https://www.nownews.com,23,0,2,1,3.497055848,4,1,0,3,0,0,0,1,0,7,0,1
https://www.ameblo.jp,21,0,2,1,3.784941827,4,1,0,2,0,0,0,0,0,6,0,1
https://www.web.de,18,0,2,1,3.281036113,4,1,0,2,0,0,0,1,0,3,0,1
https://www.udemy.com,21,0,2,1,3.784941827,4,1,0,3,0,0,0,1,0,5,0,1
https://www.cnblogs.com,23,0,2,1,3.795088586,4,1,0,3,0,0,0,1,0,7,0,1
https://www.google.sk,21,0,2,1,3.594465637,4,1,0,2,0,0,0,0,0,6,0,1
https://www.bitauto.com,23,0,2,1,3.708132065,4,1,0,3,0,0,0,1,0,7,0,1
https://www.sberbank.ru,23,0,2,1,3.795088586,4,1,0,2,0,0,0,1,0,8,0,1
https://www.digikala.com,24,0,2,1,3.970175521,4,1,0,3,0,0,0,1,0,8,0,1
https://www.battle.net,22,0,2,1,3.442862165,4,1,0,3,0,0,0,1,0,6,0,1
https://www.duckduckgo.com,26,0,2,1,3.796217603,4,1,0,3,0,0,0,1,0,10,0,1
https://www.rutracker.org,25,0,2,1,3.78346519,4,1,0,3,0,0,0,1,0,9,0,1
https://www.rumble.com,22,0,2,1,3.879664005,4,1,0,3,0,0,0,1,0,6,0,1
https://www.airbnb.com,22,0,2,1,3.879664005,4,1,0,3,0,0,0,1,0,6,0,1
https://www.gamefaqs.com,24,0,2,1,3.886842188,4,1,0,3,0,0,0,1,0,8,0,1
https://www.businessinsider.com,31,0,2,1,3.950344198,4,1,0,3,0,0,0,1,0,15,0,1
https://www.ign.com,19,0,2,1,3.681880803,4,1,0,3,0,0,0,1,0,3,0,1
https://www.xfinity.com,23,0,2,1,3.849223912,4,1,0,3,0,0,0,1,0,7,0,1
https://www.daum.net,20,0,2,1,3.646439345,4,1,0,3,0,0,0,1,0,4,0,1
https://www.velocecdn.com,25,0,2,1,3.86346519,4,1,0,3,0,0,0,1,0,9,0,1
https://www.freepik.com,23,0,2,1,3.882045108,4,1,0,3,0,0,0,1,0,7,0,1
https://www.higheurest.com,26,0,2,1,3.844106545,4,1,0,3,0,0,0,1,0,10,0,1
https://www.outbrain.com,24,0,2,1,3.938721876,4,1,0,3,0,0,0,1,0,8,0,1
https://www.rednet.cn,21,0,2,1,3.558518613,4,1,0,2,0,0,0,1,0,6,0,1
https://www.setn.com,20,0,2,1,3.546439345,4,1,0,3,0,0,0,1,0,4,0,1
https://www.cricbuzz.com,24,0,2,1,3.855388542,4,1,0,3,0,0,0,1,0,8,0,1
https://www.livedoor.jp,23,0,2,1,3.882045108,4,1,0,2,0,0,0,0,0,8,0,1
https://www.myway.com,21,0,2,1,3.535174566,4,1,0,3,0,0,0,1,0,5,0,1
https://www.ci123.com,21,0,2,1,3.784941827,4,1,0,3,0,0,3,1,0,5,0.142857143,1
https://www.hola.com,20,0,2,1,3.58418372,4,1,0,3,0,0,0,1,0,4,0,1
https://www.ouo.io,18,0,2,1,3.308270835,4,1,0,2,0,0,0,0,0,3,0,1
https://www.google.kz,21,0,2,1,3.689703732,4,1,0,2,0,0,0,0,0,6,0,1
https://www.sourceforge.net,27,0,2,1,3.856196298,4,1,0,3,0,0,0,1,0,11,0,1
https://www.canva.com,21,0,2,1,3.689703732,4,1,0,3,0,0,0,1,0,5,0,1
https://www.1337x.to,20,0,2,1,3.546439345,4,1,0,2,0,0,4,0,0,5,0.2,1
https://www.youdao.com,22,0,2,1,3.754441846,4,1,0,3,0,0,0,1,0,6,0,1
https://www.reverso.net,23,0,2,1,3.555533151,4,1,0,3,0,0,0,1,0,7,0,1
https://www.hp.com,18,0,2,1,3.350209029,4,1,0,3,0,0,0,1,0,2,0,1
https://www.accuweather.com,27,0,2,1,3.736006946,4,1,0,3,0,0,0,1,0,11,0,1
https://www.wordreference.com,29,0,2,1,3.797467633,4,1,0,3,0,0,0,1,0,13,0,1
https://www.usps.com,20,0,2,1,3.446439345,4,1,0,3,0,0,0,1,0,4,0,1
https://www.varzesh3.com,24,0,2,1,3.970175521,4,1,0,3,0,0,1,1,0,8,0.041666667,1
https://www.orange.fr,21,0,2,1,3.784941827,4,1,0,2,0,0,0,1,0,6,0,1
https://www.haber7.com,22,0,2,1,3.879664005,4,1,0,3,0,0,1,1,0,6,0.045454545,1
https://www.sciencedirect.com,29,0,2,1,3.814371943,4,1,0,3,0,0,0,1,0,13,0,1
https://www.subject.tmall.com,29,0,3,1,3.909368064,5,2,0,3,0,0,0,1,0,5,0,1
https://www.bestadbid.com,25,0,2,1,3.86346519,4,1,0,3,0,0,0,1,0,9,0,1
https://www.flickr.com,22,0,2,1,3.879664005,4,1,0,3,0,0,0,1,0,6,0,1
https://www.skype.com,21,0,2,1,3.689703732,4,1,0,3,0,0,0,1,0,5,0,1
https://www.zendesk.com,23,0,2,1,3.882045108,4,1,0,3,0,0,0,1,0,7,0,1
https://www.iqiyi.com,21,0,2,1,3.653756708,4,1,0,3,0,0,0,1,0,5,0,1
https://www.livedoor.com,24,0,2,1,3.938721876,4,1,0,3,0,0,0,1,0,8,0,1
https://www.userapi.com,23,0,2,1,3.882045108,4,1,0,3,0,0,0,1,0,7,0,1
https://www.weebly.com,22,0,2,1,3.732158891,4,1,0,3,0,0,0,1,0,6,0,1
https://www.icloud.com,22,0,2,1,3.788754914,4,1,0,3,0,0,0,1,0,6,0,1
https://www.target.com,22,0,2,1,3.697845823,4,1,0,3,0,0,0,1,0,6,0,1
https://www.ntd.tv,18,0,2,1,3.239097918,4,1,0,2,0,0,0,0,0,3,0,1
https://www.ndtv.com,20,0,2,1,3.646439345,4,1,0,3,0,0,0,1,0,4,0,1
https://www.momoshop.com.tw,27,0,3,1,3.33767778,5,1,0,5,0,0,0,0,0,8,0,1
https://www.feedly.com,22,0,2,1,3.879664005,4,1,0,3,0,0,0,1,0,6,0,1
https://www.asos.com,20,0,2,1,3.446439345,4,1,0,3,0,0,0,1,0,4,0,1
https://www.123movieshub.to,27,0,2,1,4.032303243,4,1,0,2,0,0,3,0,0,12,0.111111111,1
https://www.instructure.com,27,0,2,1,3.838039817,4,1,0,3,0,0,0,1,0,11,0,1
https://www.doublepimp.com,26,0,2,1,3.950063756,4,1,0,3,0,0,0,1,0,10,0,1
https://www.siteadvisor.com,27,0,2,1,3.930270372,4,1,0,3,0,0,0,1,0,11,0,1
https://www.rt.com,18,0,2,1,3.419381946,4,1,0,3,0,0,0,1,0,2,0,1
https://www.adf.ly,18,0,2,1,3.572431251,4,1,0,2,0,0,0,0,0,3,0,1
https://www.rarbg.to,20,0,2,1,3.546439345,4,1,0,2,0,0,0,0,0,5,0,1
https://www.olx.ua,18,0,2,1,3.572431251,4,1,0,2,0,0,0,0,0,3,0,1
https://www.ouedkniss.com,25,0,2,1,3.94346519,4,1,0,3,0,0,0,1,0,9,0,1
https://www.espncricinfo.com,28,0,2,1,3.896291529,4,1,0,3,0,0,0,1,0,12,0,1
https://www.banvenez.com,24,0,2,1,3.970175521,4,1,0,3,0,0,0,1,0,8,0,1
https://www.mailchimp.com,25,0,2,1,3.70346519,4,1,0,3,0,0,0,1,0,9,0,1
https://www.rottentomatoes.com,30,0,2,1,3.631401845,4,1,0,3,0,0,0,1,0,14,0,1
https://www.utorrent.com,24,0,2,1,3.720175521,4,1,0,3,0,0,0,1,0,8,0,1
https://www.uptodown.com,24,0,2,1,3.605388542,4,1,0,3,0,0,0,1,0,8,0,1
https://www.kaskus.co.id,24,0,3,1,3.740601563,5,1,0,4,0,0,0,0,0,6,0,1
https://www.office365.com,25,0,2,1,3.97366069,4,1,0,3,0,0,3,1,0,9,0.12,1
https://www.ups.com,19,0,2,1,3.471354487,4,1,0,3,0,0,0,1,0,3,0,1
https://www.line.me,19,0,2,1,3.576617645,4,1,0,2,0,0,0,0,0,4,0,1
https://www.americanexpress.com,31,0,2,1,3.977916875,4,1,0,3,0,0,0,1,0,15,0,1
https://www.kissanime.ru,24,0,2,1,3.855388542,4,1,0,2,0,0,0,1,0,9,0,1
https://www.capitalone.com,26,0,2,1,3.87314068,4,1,0,3,0,0,0,1,0,10,0,1
https://www.mercadolibre.com.ar,31,0,3,1,4.042433004,5,1,0,5,0,0,0,0,0,12,0,1
https://www.iqoption.com,24,0,2,1,3.65726823,4,1,0,3,0,0,0,1,0,8,0,1
https://www.blogspot.com.br,27,0,3,1,3.754163428,5,1,0,5,0,0,0,0,0,8,0,1
https://www.subscene.com,24,0,2,1,3.772055209,4,1,0,3,0,0,0,1,0,8,0,1
https://www.onet.pl,19,0,2,1,3.431623566,4,1,0,2,0,0,0,0,0,4,0,1
https://www.163.com,19,0,2,1,3.681880803,4,1,0,3,0,0,3,1,0,3,0.157894737,1
https://www.banggood.com,24,0,2,1,3.855388542,4,1,0,3,0,0,0,1,0,8,0,1
https://www.uzone.id,20,0,2,1,3.78418372,4,1,0,2,0,0,0,0,0,5,0,1
https://www.samsung.com,23,0,2,1,3.762267391,4,1,0,3,0,0,0,1,0,7,0,1
https://www.ensonhaber.com,26,0,2,1,3.902174814,4,1,0,3,0,0,0,1,0,10,0,1
https://www.go.com,18,0,2,1,3.46132014,4,1,0,3,0,0,0,1,0,2,0,1
https://www.wish.com,20,0,2,1,3.421928095,4,1,0,3,0,0,0,1,0,4,0,1
https://www.google.com.kw,25,0,3,1,3.70346519,5,1,0,5,0,0,0,0,0,6,0,1
https://www.perfecttoolmedia.com,32,0,2,1,3.991729297,4,1,0,3,0,0,0,1,0,16,0,1
https://www.wp.pl,17,0,2,1,2.984234165,4,1,0,2,0,0,0,0,0,2,0,1
https://www.wittyfeed.com,25,0,2,1,3.76385619,4,1,0,3,0,0,0,1,0,9,0,1
https://www.playstation.com,27,0,2,1,3.838039817,4,1,0,3,0,0,0,1,0,11,0,1
https://www.hdfcbank.com,24,0,2,1,3.970175521,4,1,0,3,0,0,0,1,0,8,0,1
https://www.patreon.com,23,0,2,1,3.762267391,4,1,0,3,0,0,0,1,0,7,0,1
https://www.gismeteo.ru,23,0,2,1,3.762267391,4,1,0,2,0,0,0,1,0,8,0,1
https://www.eskimi.com,22,0,2,1,3.697845823,4,1,0,3,0,0,0,1,0,6,0,1
https://www.oracle.com,22,0,2,1,3.788754914,4,1,0,3,0,0,0,1,0,6,0,1
https://www.dell.com,20,0,2,1,3.68418372,4,1,0,3,0,0,0,1,0,4,0,1
https://www.glassdoor.com,25,0,2,1,3.83326969,4,1,0,3,0,0,0,1,0,9,0,1
https://www.t-online.de,23,0,2,1,3.762267391,5,1,0,2,0,1,0,1,0,8,0,1
https://www.theverge.com,24,0,2,1,3.740601563,4,1,0,3,0,0,0,1,0,8,0,1
https://www.giphy.com,21,0,2,1,3.689703732,4,1,0,3,0,0,0,1,0,5,0,1
https://www.slickdeals.net,26,0,2,1,3.844106545,4,1,0,3,0,0,0,1,0,10,0,1
https://www.friv.com,20,0,2,1,3.78418372,4,1,0,3,0,0,0,1,0,4,0,1
https://www.sabq.org,20,0,2,1,3.68418372,4,1,0,3,0,0,0,1,0,4,0,1
https://www.myanimelist.net,27,0,2,1,3.763965743,4,1,0,3,0,0,0,1,0,11,0,1
https://www.m73lae5cpmgrv38.com,31,0,2,1,4.260332601,4,1,0,3,0,0,5,1,0,15,0.161290323,1
https://www.buzzadnetwork.com,29,0,2,1,4.142295219,4,1,0,3,0,0,0,1,0,13,0,1
https://www.seasonvar.ru,24,0,2,1,3.772055209,4,1,0,2,0,0,0,1,0,9,0,1
https://www.vtv.vn,18,0,2,1,3.155221529,4,1,0,2,0,0,0,0,0,3,0,1
https://www.doublepimpssl.com,29,0,2,1,3.952302978,4,1,0,3,0,0,0,1,0,13,0,1
https://www.tradingview.com,27,0,2,1,4.060262039,4,1,0,3,0,0,0,1,0,11,0,1
https://www.blpmovies.com,25,0,2,1,3.89366069,4,1,0,3,0,0,0,1,0,9,0,1
https://www.ultimate-guitar.com,31,0,2,1,4.039211537,5,1,0,3,0,1,0,1,0,15,0,1
https://www.beeg.com,20,0,2,1,3.68418372,4,1,0,3,0,0,0,1,0,4,0,1
https://www.pipeschannels.com,29,0,2,1,3.88333746,4,1,0,3,0,0,0,1,0,13,0,1
https://www.taleo.net,21,0,2,1,3.499227542,4,1,0,3,0,0,0,1,0,5,0,1
https://www.homedepot.com,25,0,2,1,3.59326969,4,1,0,3,0,0,0,1,0,9,0,1
https://www.mercadolibre.com.mx,31,0,3,1,4.106949133,5,1,0,5,0,0,0,0,0,12,0,1
https://www.free.fr,19,0,2,1,3.366091329,4,1,0,2,0,0,0,1,0,4,0,1
https://www.telegraph.co.uk,27,0,3,1,3.930270372,5,1,0,4,0,0,0,0,0,9,0,1
https://www.elpais.com,22,0,2,1,3.788754914,4,1,0,3,0,0,0,1,0,6,0,1
https://www.google.co.nz,24,0,3,1,3.740601563,5,1,0,4,0,0,0,0,0,6,0,1
https://www.behance.net,23,0,2,1,3.555533151,4,1,0,3,0,0,0,1,0,7,0,1
https://www.wix.com,19,0,2,1,3.511085408,4,1,0,3,0,0,0,1,0,3,0,1
https://www.blackboard.com,26,0,2,1,3.979097891,4,1,0,3,0,0,0,1,0,10,0,1
https://www.fedex.com,21,0,2,1,3.784941827,4,1,0,3,0,0,0,1,0,5,0,1
https://www.okdiario.com,24,0,2,1,3.855388542,4,1,0,3,0,0,0,1,0,8,0,1
https://www.pixabay.com,23,0,2,1,3.882045108,4,1,0,3,0,0,0,1,0,7,0,1
https://www.dmm.co.jp,21,0,3,1,3.558518613,5,1,0,4,0,0,0,0,0,3,0,1
https://www.yadi.sk,19,0,2,1,3.576617645,4,1,0,2,0,0,0,0,0,4,0,1
https://www.usatoday.com,24,0,2,1,3.772055209,4,1,0,3,0,0,0,1,0,8,0,1
https://www.ebay.com.au,23,0,3,1,3.849223912,5,1,0,5,0,0,0,0,0,4,0,1
https://www.bloomberg.com,25,0,2,1,3.86346519,4,1,0,3,0,0,0,1,0,9,0,1
https://www.uidai.gov.in,24,0,3,1,3.823934896,5,1,0,5,0,0,0,0,0,5,0,1
https://www.google.lk,21,0,2,1,3.594465637,4,1,0,2,0,0,0,0,0,6,0,1
https://www.taboola.com,23,0,2,1,3.642489673,4,1,0,3,0,0,0,1,0,7,0,1
https://www.seznam.cz,21,0,2,1,3.689703732,4,1,0,2,0,0,0,0,0,6,0,1
https://www.marca.com,21,0,2,1,3.594465637,4,1,0,3,0,0,0,1,0,5,0,1
https://www.taringa.net,23,0,2,1,3.621175543,4,1,0,3,0,0,0,1,0,7,0,1
https://www.informationvine.com,31,0,2,1,3.993730584,4,1,0,3,0,0,0,1,0,15,0,1
https://www.crunchyroll.com,27,0,2,1,3.884155095,4,1,0,3,0,0,0,1,0,11,0,1
https://www.kapanlagi.com,25,0,2,1,3.94346519,4,1,0,3,0,0,0,1,0,9,0,1
https://www.wordpress.org,25,0,2,1,3.54346519,4,1,0,3,0,0,0,1,0,9,0,1
https://www.mi.com,18,0,2,1,3.46132014,4,1,0,3,0,0,0,1,0,2,0,1
https://www.media.tumblr.com,28,0,3,1,4.056656707,5,2,0,3,0,0,0,1,0,6,0,1
https://www.google.bg,21,0,2,1,3.558518613,4,1,0,2,0,0,0,0,0,6,0,1
https://www.merdeka.com,23,0,2,1,3.882045108,4,1,0,3,0,0,0,1,0,7,0,1
https://www.independent.co.uk,29,0,3,1,3.831276253,5,1,0,4,0,0,0,0,0,11,0,1
https://www.flvto.biz,21,0,2,1,3.748994804,4,1,0,3,0,0,0,0,0,5,0,1
https://www.fiverr.com,22,0,2,1,3.879664005,4,1,0,3,0,0,0,1,0,6,0,1
https://www.rediff.com,22,0,2,1,3.879664005,4,1,0,3,0,0,0,1,0,6,0,1
https://www.v3rjvtt.com,23,0,2,1,3.708132065,4,1,0,3,0,0,1,1,0,7,0.043478261,1
https://www.alicdn.com,22,0,2,1,3.879664005,4,1,0,3,0,0,0,1,0,6,0,1
https://www.patch.com,21,0,2,1,3.463280518,4,1,0,3,0,0,0,1,0,5,0,1
https://www.repubblica.it,25,0,2,1,3.86346519,4,1,0,2,0,0,0,0,0,10,0,1
https://www.17ok.com,20,0,2,1,3.68418372,4,1,0,3,0,0,2,1,0,4,0.1,1
https://www.ajkzd9h.com,23,0,2,1,3.96900163,4,1,0,3,0,0,1,1,0,7,0.043478261,1
https://www.bldaily.com,23,0,2,1,3.96900163,4,1,0,3,0,0,0,1,0,7,0,1
https://www.atlassian.net,25,0,2,1,3.51326969,4,1,0,3,0,0,0,1,0,9,0,1
https://www.lie2anyone.com,26,0,2,1,4.056020968,4,1,0,3,0,0,1,1,0,10,0.038461538,1
https://www.ebay.it,19,0,2,1,3.536886724,4,1,0,2,0,0,0,0,0,4,0,1
https://www.onedio.com,22,0,2,1,3.754441846,4,1,0,3,0,0,0,1,0,6,0,1
https://www.kooora.com,22,0,2,1,3.606936732,4,1,0,3,0,0,0,1,0,6,0,1
https://www.evernote.com,24,0,2,1,3.740601563,4,1,0,3,0,0,0,1,0,8,0,1
https://www.gizmodo.com,23,0,2,1,3.762267391,4,1,0,3,0,0,0,1,0,7,0,1
https://www.billdesk.com,24,0,2,1,3.970175521,4,1,0,3,0,0,0,1,0,8,0,1
https://www.spiegel.de,22,0,2,1,3.572623664,4,1,0,2,0,0,0,1,0,7,0,1
https://www.hotstar.com,23,0,2,1,3.534219021,4,1,0,3,0,0,0,1,0,7,0,1
https://www.asus.com,20,0,2,1,3.546439345,4,1,0,3,0,0,0,1,0,4,0,1
https://www.digitaldsp.com,26,0,2,1,3.87314068,4,1,0,3,0,0,0,1,0,10,0,1
https://www.dictionary.com,26,0,2,1,3.950063756,4,1,0,3,0,0,0,1,0,10,0,1
https://www.pikabu.ru,21,0,2,1,3.689703732,4,1,0,2,0,0,0,1,0,6,0,1
https://www.k618.cn,19,0,2,1,3.681880803,4,1,0,2,0,0,3,1,0,4,0.157894737,1
https://www.jrj.com.cn,22,0,3,1,3.663532755,5,1,0,5,0,0,0,0,0,3,0,1
https://www.discogs.com,23,0,2,1,3.675310869,4,1,0,3,0,0,0,1,0,7,0,1
https://www.citi.com,20,0,2,1,3.446439345,4,1,0,3,0,0,0,1,0,4,0,1
https://www.adp.com,19,0,2,1,3.576617645,4,1,0,3,0,0,0,1,0,3,0,1
https://www.thepennyhoarder.com,31,0,2,1,3.953565665,4,1,0,3,0,0,0,1,0,15,0,1
https://www.nextlnk1.com,24,0,2,1,3.938721876,4,1,0,3,0,0,1,1,0,8,0.041666667,1
https://www.wowhead.com,23,0,2,1,3.58401237,4,1,0,3,0,0,0,1,0,7,0,1
https://www.wiktionary.org,26,0,2,1,3.825251737,4,1,0,3,0,0,0,1,0,10,0,1
https://www.ytimg.com,21,0,2,1,3.653756708,4,1,0,3,0,0,0,1,0,5,0,1
https://www.thebalance.com,26,0,2,1,3.87314068,4,1,0,3,0,0,0,1,0,10,0,1
https://www.box.com,19,0,2,1,3.576617645,4,1,0,3,0,0,0,1,0,3,0,1
https://www.primevideo.com,26,0,2,1,3.902174814,4,1,0,3,0,0,0,1,0,10,0,1
https://www.oload.stream,24,0,2,1,3.772055209,4,1,0,6,0,0,0,0,0,5,0,1
https://www.nike.com,20,0,2,1,3.78418372,4,1,0,3,0,0,0,1,0,4,0,1
https://www.newegg.com,22,0,2,1,3.6412498,4,1,0,3,0,0,0,1,0,6,0,1
https://www.naver.jp,20,0,2,1,3.68418372,4,1,0,2,0,0,0,0,0,5,0,1
https://www.albawabhnews.com,28,0,2,1,3.794336066,4,1,0,3,0,0,0,1,0,12,0,1
https://www.webmd.com,21,0,2,1,3.630412661,4,1,0,3,0,0,0,1,0,5,0,1
https://www.appledaily.com,26,0,2,1,3.950063756,4,1,0,3,0,0,0,1,0,10,0,1
https://www.google.by,21,0,2,1,3.689703732,4,1,0,2,0,0,0,0,0,6,0,1
https://www.olx.pl,18,0,2,1,3.350209029,4,1,0,2,0,0,0,0,0,3,0,1
https://www.convert2mp3.net,27,0,2,1,3.912113891,4,1,0,3,0,0,2,1,0,11,0.074074074,1
https://www.goo.ne.jp,21,0,3,1,3.558518613,5,1,0,4,0,0,0,0,0,3,0,1
https://www.cambridge.org,25,0,2,1,4.05366069,4,1,0,3,0,0,0,1,0,9,0,1
https://www.manoramaonline.com,30,0,2,1,3.914409345,4,1,0,3,0,0,0,1,0,14,0,1
https://www.zoho.com,20,0,2,1,3.446439345,4,1,0,3,0,0,0,1,0,4,0,1
https://www.biobiochile.cl,26,0,2,1,3.719294526,4,1,0,2,0,0,0,0,0,11,0,1
https://www.ptt.cc,18,0,2,1,3.016875696,4,1,0,2,0,0,0,0,0,3,0,1
https://www.xda-developers.com,30,0,2,1,4.123231429,5,1,0,3,0,1,0,1,0,14,0,1
https://www.lifedaily.com,25,0,2,1,4.05366069,4,1,0,3,0,0,0,1,0,9,0,1
https://www.leagueoflegends.com,31,0,2,1,4.091135423,4,1,0,3,0,0,0,1,0,15,0,1
https://www.bles.com,20,0,2,1,3.68418372,4,1,0,3,0,0,0,1,0,4,0,1
https://www.chip.de,19,0,2,1,3.471354487,4,1,0,2,0,0,0,1,0,4,0,1
https://www.libero.it,21,0,2,1,3.653756708,4,1,0,2,0,0,0,0,0,6,0,1
https://www.ibm.com,19,0,2,1,3.576617645,4,1,0,3,0,0,0,1,0,3,0,1
https://www.brilio.net,22,0,2,1,3.754441846,4,1,0,3,0,0,0,1,0,6,0,1
https://www.fidelity.com,24,0,2,1,3.938721876,4,1,0,3,0,0,0,1,0,8,0,1
https://www.51sole.com,22,0,2,1,3.788754914,4,1,0,3,0,0,2,1,0,6,0.090909091,1
https://www.suning.com,22,0,2,1,3.788754914,4,1,0,3,0,0,0,1,0,6,0,1
https://www.okta.com,20,0,2,1,3.546439345,4,1,0,3,0,0,0,1,0,4,0,1
https://www.nfl.com,19,0,2,1,3.681880803,4,1,0,3,0,0,0,1,0,3,0,1
https://www.t.me,16,0,2,1,3.155639062,4,1,0,2,0,0,0,0,0,1,0,1
https://www.pandora.com,23,0,2,1,3.795088586,4,1,0,3,0,0,0,1,0,7,0,1
https://www.cnbc.com,20,0,2,1,3.546439345,4,1,0,3,0,0,0,1,0,4,0,1
https://www.hdzog.com,21,0,2,1,3.689703732,4,1,0,3,0,0,0,1,0,5,0,1
https://www.mit.edu,19,0,2,1,3.536886724,4,1,0,3,0,0,0,0,0,3,0,1
https://www.icicibank.com,25,0,2,1,3.83326969,4,1,0,3,0,0,0,1,0,9,0,1
https://www.list-manage.com,27,0,2,1,4.032303243,5,1,0,3,0,1,0,1,0,11,0,1
https://www.jawabkom.com,24,0,2,1,3.751629167,4,1,0,3,0,0,0,1,0,8,0,1
https://www.nba.com,19,0,2,1,3.681880803,4,1,0,3,0,0,0,1,0,3,0,1
https://www.patria.org.ve,25,0,3,1,3.75326969,5,1,0,5,0,0,0,0,0,6,0,1
https://www.rolloid.net,23,0,2,1,3.762267391,4,1,0,3,0,0,0,1,0,7,0,1
https://www.ria.ru,18,0,2,1,3.46132014,4,1,0,2,0,0,0,1,0,3,0,1
https://www.urbandictionary.com,31,0,2,1,4.131300343,4,1,0,3,0,0,0,1,0,15,0,1
https://www.wsj.com,19,0,2,1,3.40582225,4,1,0,3,0,0,0,1,0,3,0,1
https://www.sex.com,19,0,2,1,3.576617645,4,1,0,3,0,0,0,1,0,3,0,1
https://www.sahibinden.com,26,0,2,1,3.979097891,4,1,0,3,0,0,0,1,0,10,0,1
https://www.wixsite.com,23,0,2,1,3.621175543,4,1,0,3,0,0,0,1,0,7,0,1
https://www.lazada.co.id,24,0,3,1,3.740601563,5,1,0,4,0,0,0,0,0,6,0,1
https://www.themeforest.net,27,0,2,1,3.556201281,4,1,0,3,0,0,0,1,0,11,0,1
https://www.blog.jp,19,0,2,1,3.576617645,4,1,0,2,0,0,0,0,0,4,0,1
https://www.springer.com,24,0,2,1,3.886842188,4,1,0,3,0,0,0,1,0,8,0,1
https://www.vporn.com,21,0,2,1,3.689703732,4,1,0,3,0,0,0,1,0,5,0,1
https://www.cryptopia.co.nz,27,0,3,1,3.828237502,5,1,0,4,0,0,0,0,0,9,0,1
https://www.shaparak.ir,23,0,2,1,3.501397825,4,1,0,2,0,0,0,0,0,8,0,1
https://www.thewhizmarketing.com,32,0,2,1,4.038909766,4,1,0,3,0,0,0,1,0,16,0,1
https://www.bandcamp.com,24,0,2,1,3.803508855,4,1,0,3,0,0,0,1,0,8,0,1
https://www.upwork.com,22,0,2,1,3.6412498,4,1,0,3,0,0,0,1,0,6,0,1
https://www.kinogo.cc,21,0,2,1,3.689703732,4,1,0,2,0,0,0,0,0,6,0,1
https://www.google.com.do,25,0,3,1,3.70346519,5,1,0,5,0,0,0,0,0,6,0,1
https://www.sindonews.com,25,0,2,1,3.73366069,4,1,0,3,0,0,0,1,0,9,0,1
https://www.naukri.com,22,0,2,1,3.970573096,4,1,0,3,0,0,0,1,0,6,0,1
https://www.poloniex.com,24,0,2,1,3.855388542,4,1,0,3,0,0,0,1,0,8,0,1
https://www.jianshu.com,23,0,2,1,3.882045108,4,1,0,3,0,0,0,1,0,7,0,1
https://www.namnak.com,22,0,2,1,3.697845823,4,1,0,3,0,0,0,1,0,6,0,1
https://www.gdax.com,20,0,2,1,3.78418372,4,1,0,3,0,0,0,1,0,4,0,1
https://www.google.com.ly,25,0,3,1,3.75326969,5,1,0,5,0,0,0,0,0,6,0,1
https://www.shopify.com,23,0,2,1,3.708132065,4,1,0,3,0,0,0,1,0,7,0,1
https://www.addthis.com,23,0,2,1,3.675310869,4,1,0,3,0,0,0,1,0,7,0,1
https://www.idntimes.com,24,0,2,1,3.772055209,4,1,0,3,0,0,0,1,0,8,0,1
https://www.primosearch.com,27,0,2,1,3.838039817,4,1,0,3,0,0,0,1,0,11,0,1
https://www.shiltirs.com,24,0,2,1,3.65726823,4,1,0,3,0,0,0,1,0,8,0,1
https://www.drom.ru,19,0,2,1,3.576617645,4,1,0,2,0,0,0,1,0,4,0,1
https://www.wattpad.com,23,0,2,1,3.480083695,4,1,0,3,0,0,0,1,0,7,0,1
https://www.linkshrink.net,26,0,2,1,3.690260391,4,1,0,3,0,0,0,1,0,10,0,1
https://www.filehippo.com,25,0,2,1,3.78346519,4,1,0,3,0,0,0,1,0,9,0,1
https://www.tube8.com,21,0,2,1,3.748994804,4,1,0,3,0,0,1,1,0,5,0.047619048,1
https://www.google.com.mm,25,0,3,1,3.643074189,5,1,0,5,0,0,0,0,0,6,0,1
https://www.theepochtimes.com,29,0,2,1,3.607475391,4,1,0,3,0,0,0,1,0,13,0,1
https://www.wiley.com,21,0,2,1,3.725650756,4,1,0,3,0,0,0,1,0,5,0,1
https://www.ck101.com,21,0,2,1,3.689703732,4,1,0,3,0,0,3,1,0,5,0.142857143,1
https://www.hubspot.com,23,0,2,1,3.588354347,4,1,0,3,0,0,0,1,0,7,0,1
https://www.hm.com,18,0,2,1,3.350209029,4,1,0,3,0,0,0,1,0,2,0,1
https://www.reundcwkqvctq.com,29,0,2,1,4.047299098,4,1,0,3,0,0,0,1,0,13,0,1
https://www.investing.com,25,0,2,1,3.86346519,4,1,0,3,0,0,0,1,0,9,0,1
https://www.lifehacker.com,26,0,2,1,4.056020968,4,1,0,3,0,0,0,1,0,10,0,1
https://www.weblio.jp,21,0,2,1,3.630412661,4,1,0,2,0,0,0,0,0,6,0,1
https://www.yourporn.sexy,25,0,2,1,3.81366069,4,1,0,4,0,0,0,0,0,8,0,1
https://www.piet2eix3l.com,26,0,2,1,3.950063756,4,1,0,3,0,0,2,1,0,10,0.076923077,1
https://www.investopedia.com,28,0,2,1,3.9677201,4,1,0,3,0,0,0,1,0,12,0,1
https://id.woxh.world/,22,0,2,1,3.697845823,4,1,0,5,1,0,0,0,0,4,0,0
https://doh.dns.apple.com/,26,0,3,1,3.767183468,5,2,0,3,1,0,0,1,0,5,0,0
https://default4.sec-tunnel.com/,32,0,2,1,4.077819531,5,1,0,3,1,1,1,1,0,10,0.03125,0
https://zagent2688.hola.org/,28,0,2,1,4.039148672,4,1,0,3,1,0,4,1,0,4,0.142857143,0
https://us1.proxysite.com/,26,0,2,1,3.921029622,4,1,0,3,1,0,1,1,0,9,0.038461538,0
http://one.cryptonomiconf.com//client.config/?app=pndr2&amp;format=json&amp;advert_key=ZWMwMDBhMDdlYjAwMzM2MTAwMDAzMzZlMDAzMzZlMDAzMzZlMjlkOTcyOTNkYw==&amp;uid=3F85D895D9FAEF9DF13DCE8E39C65DBD-623699C17806921F4FED9C173822AC410D0246A0&amp;version=36.0&amp;pckg=com.headsoccer.nearme.gamecenter&amp;ia=13&amp;im=vivo&amp;id=V2207&amp;gateId=fa28ae06-649c-11ee-b671-121254d6a232&amp;net_type=948&amp;net_id=734296745782550562&amp;did=02fc02ca-649d-11ee-9a1d-a4bf0125508a&amp;p1=_&amp;ddate=1696626000&amp;rlid=8904,511,0,7,0,5.428773735,53,1,16,3,16,0,133,1,0,14,0.260273973,0
http://dn.im-gb.com/dns/v5/select?tv=1761747941393&amp;deviceId=Q4201757316607836&amp;uid=7675604755266560&amp;dataTok=1527273597,129,0,2,0,4.924824524,16,1,4,3,14,1,56,1,0,5,0.434108527,0
https://dyn.listopq.com/,24,0,2,1,3.855388542,4,1,0,3,1,0,0,1,0,7,0,0
http://sg2.rapidcdn.xyz/api/test?637012831803,45,0,2,0,4.524969207,7,1,0,3,9,0,13,0,0,8,0.288888889,0
https://videq.pro/,18,0,1,1,3.683542362,3,0,0,3,1,0,0,0,0,5,0,0
https://client-cdn4.su89-cdn.net/,33,0,2,1,3.968340331,6,1,0,3,1,1,3,1,0,8,0.090909091,0
https://id.ikiru.wtf/,21,0,2,1,3.617809684,4,1,0,3,1,0,0,0,0,5,0,0
https://zagent2660.c6gj-static.net/,35,0,2,1,4.014438731,5,1,0,3,1,1,5,1,0,11,0.142857143,0
https://doaphatiroage.net/,26,0,1,1,3.719294526,3,0,0,3,1,0,0,1,0,13,0,0
https://rtb2-apac.applabs.live/,31,0,2,1,3.873235826,5,1,0,4,1,0,1,0,0,7,0.032258065,0
https://locnrivalry.qpon/,25,0,1,1,3.97366069,3,0,0,4,1,0,0,0,0,11,0,0
https://protonvpn.com/,22,0,1,1,3.503997527,3,0,0,3,1,0,0,1,0,9,0,0
https://bh.abistonfrau.com/,27,0,2,1,3.958229169,4,1,0,3,1,0,0,1,0,11,0,0
https://adserver.juicyads.com/,30,0,2,1,4.123231429,4,1,0,3,1,0,0,1,0,8,0,0
http://si3.quickcache.click/api/test?336834522147,49,0,2,0,4.357370243,7,1,0,5,9,0,13,0,0,10,0.265306122,0
http://helsinki-dtc.com/updates/ya/wrtzr_ytab_a_1/win/version.txt,65,0,2,0,4.492738244,13,0,0,3,42,1,1,1,0,12,0.015384615,0
https://da.mosspf.com/,22,0,2,1,3.572623664,4,1,0,3,1,0,0,1,0,6,0,0
https://komiku.one/,19,0,1,1,3.681880803,3,0,0,3,1,0,0,0,0,6,0,0
http://push.travistathree.com/push?uid=1120174CF61B5ABCCBC83FB7486ECE5C-F848387AAB932AF8D87D406A563AECBCA0407723&amp;pkg=com.carromboard.friends.game&amp;av=34&amp;sv=61.1&amp;model=23021RAA2Y&amp;brand=Redmi&amp;df=com.android.chrome&amp;dfver=141.0.7390.122,259,0,11,0,5.224888477,31,1,8,3,5,0,64,1,0,13,0.247104247,0
https://ic-vrm-nss.xhcdn.com/,29,0,2,1,3.952302978,6,1,0,3,1,0,0,1,0,5,0,0
https://www.sadeempc.com/,25,0,2,1,3.70346519,4,1,0,3,1,0,0,1,0,8,0,0
https://am7.sec-tunnel.com/,27,0,2,1,3.958229169,5,1,0,3,1,1,1,1,0,10,0.037037037,0
https://api.itopvpn.com/,24,0,2,1,3.605388542,4,1,0,3,1,0,0,1,0,7,0,0
https://wg.shallalleniate.com/,30,0,2,1,3.898068512,4,1,0,3,1,0,0,1,0,14,0,0
https://komikdewasa.art/,24,0,1,1,3.823934896,3,0,0,3,1,0,0,0,0,11,0,0
https://1lib.sk/,16,0,1,1,3.452819531,3,0,0,2,1,0,1,0,0,4,0.0625,0
https://id.z-library.sk/,24,0,2,1,3.970175521,5,1,0,2,1,1,0,0,0,9,0,0
https://itweepinbelltor.com/,28,0,1,1,3.896291529,3,0,0,3,1,0,0,1,0,15,0,0
https://www.sukseskan.com/,26,0,2,1,3.796217603,4,1,0,3,1,0,0,1,0,9,0,0
https://true-lie.com/,21,0,1,1,3.844232899,4,0,0,3,1,1,0,1,0,8,0,0
http://sg9.rapidcdn.xyz/api/test?602439521747,45,0,2,0,4.630633374,7,1,0,3,9,0,13,0,0,8,0.288888889,0
https://logs.im-gb.com/,23,0,2,1,3.795088586,5,1,0,3,1,1,0,1,0,5,0,0
https://tv.lk21official.love/,29,0,2,1,4.021268495,4,1,0,4,1,0,2,0,0,12,0.068965517,0
https://www.alex71.com/,23,0,2,1,3.936180434,4,1,0,3,1,0,2,1,0,6,0.086956522,0
http://analytics.urban-vpn.com/tickets,38,0,2,0,4.231369869,6,1,0,3,8,1,0,1,0,9,0,0
https://fitgirl-repacks.site/,29,0,1,1,3.88333746,4,0,0,4,1,1,0,0,0,15,0,0
https://b8d6br.drh0920.com/,27,0,2,1,4.060262039,4,1,0,3,1,0,6,1,0,7,0.222222222,0
http://dn.im-gb.com/dns/v5/select?tv=1761747949744&amp;deviceId=Q4201757316607836&amp;uid=7675604755266560&amp;dataTok=1527273597,129,0,2,0,4.910552788,16,1,4,3,14,1,56,1,0,5,0.434108527,0
https://mindsswink.cyou/,24,0,1,1,3.938721876,3,0,0,4,1,0,0,0,0,10,0,0
https://api6.aoneroom.com/,26,0,2,1,3.825251737,4,1,0,3,1,0,1,1,0,8,0.038461538,0
https://client.hola.org/,24,0,2,1,3.855388542,4,1,0,3,1,0,0,1,0,4,0,0
http://dn.im-gb.com/dns/v5/select?tv=1761747944118&amp;deviceId=Q4201757316607836&amp;uid=7675604755266560&amp;dataTok=1527273597,129,0,2,0,4.923726001,16,1,4,3,14,1,56,1,0,5,0.434108527,0
https://h5.aoneroom.com/,24,0,2,1,3.720175521,4,1,0,3,1,0,1,1,0,8,0.041666667,0
https://live3.totalsportek07.com/,33,0,2,1,4.101381529,4,1,0,3,1,0,3,1,0,14,0.090909091,0
https://www.v8clubvi.com/,25,0,2,1,3.94346519,4,1,0,3,1,0,1,1,0,8,0.04,0
https://gak.webtoons.com/,25,0,2,1,3.91326969,4,1,0,3,1,0,0,1,0,8,0,0
https://ic-vt-nss.xhcdn.com/,28,0,2,1,3.842370993,6,1,0,3,1,0,0,1,0,5,0,0
http://http-test1.hola.org/connection/http-test1.html,53,0,3,0,3.84775554,9,1,0,3,27,0,2,1,0,4,0.037735849,0
https://fsjbw.com/,18,0,1,1,3.683542362,3,0,0,3,1,0,0,1,0,5,0,0
https://pasteurisedcomeintostatement.com/,41,0,1,1,3.808142555,3,0,0,3,1,0,0,1,0,28,0,0
http://si3.quickcache.click/api/test?478402222550,49,0,2,0,4.316553916,7,1,0,5,9,0,13,0,0,10,0.265306122,0
https://api4sg.aoneroom.com/,28,0,2,1,3.923251797,4,1,0,3,1,0,1,1,0,8,0.035714286,0
https://phoompiltu.com/,23,0,1,1,3.522711956,3,0,0,3,1,0,0,1,0,10,0,0
https://xto.to/,15,0,1,1,2.923231429,3,0,0,2,1,0,0,0,0,3,0,0
http://dn.im-gb.com/dns/v5/select?tv=1761747945998&amp;deviceId=Q4201757316607836&amp;uid=7675604755266560&amp;dataTok=1527273597,129,0,2,0,4.932424911,16,1,4,3,14,1,56,1,0,5,0.434108527,0
https://memtebseeh.com/,23,0,1,1,3.381620108,3,0,0,3,1,0,0,1,0,10,0,0
http://dn.im-gb.com/dns/v5/select?tv=1761745768493&amp;deviceId=Q4201757316607836&amp;uid=7675604755266560&amp;dataTok=1527273597,129,0,2,0,4.917424381,16,1,4,3,14,1,56,1,0,5,0.434108527,0
https://xxnxcom.pro/,20,0,1,1,3.546439345,3,0,0,3,1,0,0,0,0,7,0,0
https://client.x-cdn-static.com/,32,0,2,1,3.926108501,6,1,0,3,1,1,0,1,0,12,0,0
https://uo.assessschisma.com/,29,0,2,1,3.533623341,4,1,0,3,1,0,0,1,0,13,0,0
https://autodiscover.mckinseyandcompany.com/,44,0,2,1,4.174674232,4,1,0,3,1,0,0,1,0,18,0,0
https://www.emakbet.com/,24,0,2,1,3.740601563,4,1,0,3,1,0,0,1,0,7,0,0
http://www.testupdate.info/updates/ya/wrtzr_ytab_a_1/win/version.txt?FRojPBXwwRzEDQJyVQfkUbykqYpPBkpcC,102,0,3,0,5.027517197,14,1,0,4,42,0,1,0,0,10,0.009803922,0
https://holahupa.com/,21,0,1,1,3.558518613,3,0,0,3,1,0,0,1,0,8,0,0
https://167-71-251-182.brdtnet.com/,35,0,2,1,4.229003731,7,1,0,3,1,0,11,1,0,7,0.314285714,0
https://ejidosampled.shop/,26,0,1,1,3.767183468,3,0,0,4,1,0,0,0,0,12,0,0
https://istbw.com/,18,0,1,1,3.530493057,3,0,0,3,1,0,0,1,0,5,0,0
https://savoursweeptuck.com/,28,0,1,1,3.940759833,3,0,0,3,1,0,0,1,0,15,0,0
http://advancedrepository.net/check.bin,39,0,2,0,4.099128821,5,0,0,3,10,0,0,1,0,18,0,0
https://64146810.nedifura.xyz/,30,0,2,1,4.415061012,4,1,0,3,1,0,8,0,0,8,0.266666667,0
http://audio.ngfiles.com/713000/713190_Panda-Eyes---Colorblind.mp3,66,0,3,0,4.801377452,10,1,0,3,42,0,13,1,0,7,0.196969697,0
https://sci-net.xyz/,20,0,1,1,3.746439345,4,0,0,3,1,1,0,0,0,7,0,0
https://go.squidapp.co/,23,0,2,1,3.762267391,4,1,0,2,1,0,0,0,0,8,0,0
https://02.ikiru.wtf/,21,0,2,1,3.748994804,4,1,0,3,1,0,2,0,0,5,0.095238095,0
https://whisketwraps.rest/,26,0,1,1,3.51755943,3,0,0,4,1,0,0,0,0,12,0,0
https://complicated-storm.com/,30,0,1,1,3.872905595,4,0,0,3,1,1,0,1,0,17,0,0
https://hola.org/,17,0,1,1,3.4548224,3,0,0,3,1,0,0,1,0,4,0,0
https://one-new-message-okay.com/,33,0,1,1,3.983195634,6,0,0,3,1,1,0,1,0,20,0,0
https://default3.sec-tunnel.com/,32,0,2,1,4.077819531,5,1,0,3,1,1,1,1,0,10,0.03125,0
https://api.honeygain.com/,26,0,2,1,3.902174814,4,1,0,3,1,0,0,1,0,9,0,0
https://zagent428.hola.org/,27,0,2,1,4.032303243,4,1,0,3,1,0,3,1,0,4,0.111111111,0
https://ehgt.org/,17,0,1,1,3.292770194,3,0,0,3,1,0,0,1,0,4,0,0
https://theeptoah.com/,22,0,1,1,3.390805482,3,0,0,3,1,0,0,1,0,9,0,0
https://ytmp3.cc/,17,0,1,1,3.292770194,3,0,0,2,1,0,1,0,0,5,0.058823529,0
https://api.hsselite.com/,25,0,2,1,3.67326969,4,1,0,3,1,0,0,1,0,8,0,0
https://journal.umpr.ac.id/,27,0,3,1,4.032303243,5,1,0,4,1,0,0,0,0,4,0,0
https://d1hck35173zzpc.cloudfront.net/,38,0,2,1,4.31345975,4,1,0,3,1,0,6,1,0,10,0.157894737,0
https://short.im-gb.com/,24,0,2,1,3.772055209,5,1,0,3,1,1,0,1,0,5,0,0
https://snaptik.app/,20,0,1,1,3.246439345,3,0,0,3,1,0,0,0,0,7,0,0
https://paraphrasing-tool.com/,30,0,1,1,3.914409345,4,0,0,3,1,1,0,1,0,17,0,0
https://tsyndicate.com/,23,0,1,1,3.795088586,3,0,0,3,1,0,0,1,0,10,0,0
https://yg5sjx5kzy.com/,23,0,1,1,3.96900163,3,0,0,3,1,0,2,1,0,10,0.086956522,0
https://zagent2660.su89-cdn.net/,32,0,2,1,4.202819531,5,1,0,3,1,1,6,1,0,8,0.1875,0
https://featureflags.lavasoft.com/,34,0,2,1,3.962031591,4,1,0,3,1,0,0,1,0,8,0,0
https://client.holax.io/,24,0,2,1,3.772055209,4,1,0,2,1,0,0,0,0,5,0,0
https://www.displayvertising.com/,33,0,2,1,4.202744498,4,1,0,3,1,0,0,1,0,16,0,0
https://ditusi.co.id/,21,0,2,1,3.427333494,4,0,0,4,1,0,0,0,0,6,0,0
https://liga808.ligasportsbook.com/,35,0,2,1,4.093149802,4,1,0,3,1,0,3,1,0,14,0.085714286,0
https://2owo1y.n0qq3z.com/,26,0,2,1,4.10390991,4,1,0,3,1,0,4,1,0,6,0.153846154,0
https://zoojoujoaseeh.com/,26,0,1,1,3.686419411,3,0,0,3,1,0,0,1,0,13,0,0
https://direct.appslime.com/,28,0,2,1,3.869331261,4,1,0,3,1,0,0,1,0,8,0,0
https://dojing.net/,19,0,1,1,3.642149882,3,0,0,3,1,0,0,1,0,6,0,0
https://porntn.com/,19,0,1,1,3.431623566,3,0,0,3,1,0,0,1,0,6,0,0
https://s.uuidksinc.net/,24,0,2,1,3.65726823,4,1,0,3,1,0,0,1,0,9,0,0
https://phsouthkorea.com/,25,0,1,1,3.723074189,3,0,0,3,1,0,0,1,0,12,0,0
https://www.nimemob.my.id/,26,0,3,1,3.81507241,5,1,0,4,1,0,0,0,0,7,0,0
https://b8d6ma.drh0920.com/,27,0,2,1,4.134336113,4,1,0,3,1,0,6,1,0,7,0.222222222,0
https://sg5.datafrenzy.org/,27,0,2,1,4.032303243,4,1,0,3,1,0,1,1,0,10,0.037037037,0
https://signamentswithd.com/,28,0,1,1,3.896291529,3,0,0,3,1,0,0,1,0,15,0,0
https://video-nss.xhpingcdn.com/,32,0,2,1,4.054229297,5,1,0,3,1,0,0,1,0,9,0,0
https://zagent2719.hola.org/,28,0,2,1,4.110577243,4,1,0,3,1,0,4,1,0,4,0.142857143,0
https://ststandard.com/,23,0,1,1,3.588354347,3,0,0,3,1,0,0,1,0,10,0,0
https://ln.unruthwhiz.com/,26,0,2,1,3.921029622,4,1,0,3,1,0,0,1,0,10,0,0
https://socket.idnsp.net/,25,0,2,1,3.62346519,4,1,0,3,1,0,0,1,0,5,0,0
https://p.viowrel.com/,22,0,2,1,3.879664005,4,1,0,3,1,0,0,1,0,7,0,0
https://qk.windowylarvule.com/,30,0,2,1,4.415061012,4,1,0,3,1,0,0,1,0,14,0,0
https://boopoaglauph.net/,25,0,1,1,3.723074189,3,0,0,3,1,0,0,1,0,12,0,0
https://cn-e-pic.mangatoon.mobi/,32,0,2,1,3.968139062,6,1,0,4,1,0,0,0,0,9,0,0
http://helsinki-dtc.com/updates/ya/wrtzr_ytab_a_1/win/version.txt?OrhdcYBxArcdGNTfylKFjPqaiwoXXOyyp,99,0,2,0,5.072496556,14,0,0,3,42,1,1,1,0,12,0.01010101,0
https://static.mk16888.com/,27,0,2,1,3.810081021,4,1,0,3,1,0,5,1,0,7,0.185185185,0
https://zagent2000.kbz0pwvxmv.com/,34,0,2,1,4.278351812,4,1,0,3,1,0,5,1,0,10,0.147058824,0
https://zagent1587.hola.org/,28,0,2,1,4.110577243,4,1,0,3,1,0,4,1,0,4,0.142857143,0
https://pro-a-user-avatar-cdn.im-gb.com/,40,0,2,1,4.17507052,9,1,0,3,1,1,0,1,0,5,0,0
https://flerap.com/,19,0,1,1,3.787143961,3,0,0,3,1,0,0,1,0,6,0,0
https://zagent1610.su89-cdn.net/,32,0,2,1,4.202819531,5,1,0,3,1,1,6,1,0,8,0.1875,0
http://dn.im-gb.com/dns/v5/select?tv=1761716075402&amp;deviceId=Q4201757316607836&amp;uid=7675604755266560&amp;dataTok=1527273597,129,0,2,0,4.882313334,16,1,4,3,14,1,56,1,0,5,0.434108527,0
https://js.juicyads.com/,24,0,2,1,3.855388542,4,1,0,3,1,0,0,1,0,8,0,0
https://www.sabachatroom.com/,29,0,2,1,3.693345219,4,1,0,3,1,0,0,1,0,12,0,0
https://mangafire.to/,21,0,1,1,3.844232899,3,0,0,2,1,0,0,0,0,9,0,0
https://scheona.com/,20,0,1,1,3.58418372,3,0,0,3,1,0,0,1,0,7,0,0
https://www.torrentdownloads.pro/,33,0,2,1,3.725916089,4,1,0,3,1,0,0,0,0,16,0,0
https://4pn.cn/,15,0,1,1,3.189898095,3,0,0,2,1,0,1,1,0,3,0.066666667,0
https://dsvplay.com/,20,0,1,1,3.78418372,3,0,0,3,1,0,0,1,0,7,0,0
https://img.video-src.com/,26,0,2,1,3.979097891,5,1,0,3,1,1,0,1,0,9,0,0
https://client.brightvpn.com/,29,0,2,1,4.004364185,4,1,0,3,1,0,0,1,0,9,0,0
https://sg2.rapidcdn.xyz/,25,0,2,1,4.05366069,4,1,0,3,1,0,1,0,0,8,0.04,0
https://c3.ttcache.com/,23,0,2,1,3.447262499,4,1,0,3,1,0,1,1,0,7,0.043478261,0
https://files.planet.ung.ac.id/,31,0,4,1,3.937751955,6,2,0,4,1,0,0,0,0,3,0,0
https://p1b3ma.jkl6789.com/,27,0,2,1,4.282484261,4,1,0,3,1,0,6,1,0,7,0.222222222,0
https://perr.bright-sdk.com/,28,0,2,1,4.012188404,5,1,0,3,1,1,0,1,0,10,0,0
https://cdn.video-src.com/,26,0,2,1,3.950063756,5,1,0,3,1,1,0,1,0,9,0,0
https://c2.ttcache.com/,23,0,2,1,3.447262499,4,1,0,3,1,0,1,1,0,7,0.043478261,0
https://client.su89-cdn.net/,28,0,2,1,3.896291529,5,1,0,3,1,1,2,1,0,8,0.071428571,0
https://ca5a8a61.keltovia.xyz/,30,0,2,1,4.256564762,4,1,0,3,1,0,4,0,0,8,0.133333333,0
https://am6.sec-tunnel.com/,27,0,2,1,3.958229169,5,1,0,3,1,1,1,1,0,10,0.037037037,0
https://perr.hola.org/,22,0,2,1,3.572623664,4,1,0,3,1,0,0,1,0,4,0,0
http://zagent3.hola.org/bwfile,30,0,2,0,4.123231429,5,1,0,3,7,0,1,1,0,4,0.033333333,0
https://default1.sec-tunnel.com/,32,0,2,1,4.077819531,5,1,0,3,1,1,1,1,0,10,0.03125,0
https://45-76-157-45.brdtnet.com/,33,0,2,1,4.187889195,7,1,0,3,1,0,9,1,0,7,0.272727273,0
https://pl27929552.effectivegatecpm.com/,40,0,2,1,4.196439345,4,1,0,3,1,0,8,1,0,16,0.2,0
https://res.openinstall.com/,28,0,2,1,3.869331261,4,1,0,3,1,0,0,1,0,11,0,0
https://vidoy.pro/,18,0,1,1,3.572431251,3,0,0,3,1,0,0,0,0,5,0,0
https://ia-education.com/,25,0,1,1,3.94346519,4,0,0,3,1,1,0,1,0,12,0,0
https://xml-eu-v4.tenxads.com/,30,0,2,1,4.189898095,6,1,0,3,1,0,1,1,0,7,0.033333333,0
https://pl26458579.profitableratecpm.com/,41,0,2,1,4.412310846,4,1,0,3,1,0,8,1,0,17,0.195121951,0
https://mad.dwphonetest.com/,28,0,2,1,3.780394654,4,1,0,3,1,0,0,1,0,11,0,0
https://i.bang.com/,19,0,2,1,3.787143961,4,1,0,3,1,0,0,1,0,4,0,0
https://pahe.ink/,17,0,1,1,3.4548224,3,0,0,3,1,0,0,0,0,4,0,0
https://zonulaemanidae.click/,29,0,1,1,4.116264616,3,0,0,5,1,0,0,0,0,14,0,0
http://dn.im-gb.com/dns/v5/select?tv=1761724720666&amp;deviceId=Q4201757316607836&amp;uid=7675604755266560&amp;dataTok=1527273597,129,0,2,0,4.871686904,16,1,4,3,14,1,56,1,0,5,0.434108527,0
https://zagent1598.hola.org/,28,0,2,1,4.110577243,4,1,0,3,1,0,4,1,0,4,0.142857143,0
https://vpn-api.proton.me/,26,0,2,1,3.796217603,5,1,0,2,1,0,0,0,0,6,0,0
https://proxyjs.hola.org/,25,0,2,1,3.78346519,4,1,0,3,1,0,0,1,0,4,0,0
http://dn.im-gb.com/dns/v5/select?tv=1761756104566&amp;deviceId=Q4201757316607836&amp;uid=7675604755266560&amp;dataTok=201640216,128,0,2,0,4.841181936,16,1,4,3,14,1,55,1,0,5,0.4296875,0
http://deliv12.com/redirect?sid=86493,37,0,1,0,4.458792892,6,0,1,3,9,0,7,1,0,7,0.189189189,0
https://ic-vrm-nss.xhpingcdn.com/,33,0,2,1,4.043801695,6,1,0,3,1,0,0,1,0,9,0,0
http://push.travistathree.com/push?uid=135333C91F68D6BE93876005FDFACB90-111715F9C70B6FA15627E576B7B73F5D10A0478E&amp;pkg=com.herocraft.game.free.medieval&amp;av=34&amp;sv=58.5&amp;model=SM-A057F&amp;brand=samsung&amp;df=com.sec.android.app.sbrowser&amp;dfver=28.0.5.9,267,0,14,0,5.228563256,35,1,8,3,5,0,62,1,0,13,0.232209738,0
https://tk.mosspf.com/,22,0,2,1,3.447401505,4,1,0,3,1,0,0,1,0,6,0,0
https://zagent1594.hola.org/,28,0,2,1,4.110577243,4,1,0,3,1,0,4,1,0,4,0.142857143,0
https://cloud.hownetwork.xyz/,29,0,2,1,4.159199529,4,1,0,3,1,0,0,0,0,10,0,0
https://filter.zentrixads.com/,30,0,2,1,4.148394346,4,1,0,3,1,0,0,1,0,10,0,0
https://spoc.norton.com/,24,0,2,1,3.438721876,4,1,0,3,1,0,0,1,0,6,0,0
https://64-225-63-181.brdtnet.com/,34,0,2,1,4.337175341,7,1,0,3,1,0,10,1,0,7,0.294117647,0
https://www.maklta.com/,23,0,2,1,3.642489673,4,1,0,3,1,0,0,1,0,6,0,0
https://mirrorkomik.site/,25,0,1,1,3.563074189,3,0,0,4,1,0,0,0,0,11,0,0
https://s.optvz.com/,20,0,2,1,3.446439345,4,1,0,3,1,0,0,1,0,5,0,0
https://master.anonymox.net/,28,0,2,1,3.753434386,4,1,0,3,1,0,0,1,0,8,0,0
https://kiryuu02.com/,21,0,1,1,3.975418018,3,0,0,3,1,0,2,1,0,8,0.095238095,0
http://client.hola.org/client_cgi/win_settings.json?ver=1.247.34&amp;user_id=&amp;uuid=win-3e23ce48d9b9481f9aa425f3f466da31,123,0,5,0,5.056591616,18,1,2,3,29,0,26,1,0,4,0.211382114,0
https://epoackouxaik.com/,25,0,1,1,3.86346519,3,0,0,3,1,0,0,1,0,12,0,0
https://zagent2676.hola.org/,28,0,2,1,4.039148672,4,1,0,3,1,0,4,1,0,4,0.142857143,0
https://frs2c.com/,18,0,1,1,3.572431251,3,0,0,3,1,0,1,1,0,5,0.055555556,0
https://manhwaindo.app/,23,0,1,1,3.642489673,3,0,0,3,1,0,0,0,0,10,0,0
https://pgb.zone/,17,0,1,1,3.572469459,3,0,0,4,1,0,0,0,0,3,0,0
https://77c6a80e.heltrios.xyz/,30,0,2,1,4.256564762,4,1,0,3,1,0,5,0,0,8,0.166666667,0
https://pixhentai.com/,22,0,1,1,3.754441846,3,0,0,3,1,0,0,1,0,9,0,0
https://sektedoujin.cc/,23,0,1,1,3.849223912,3,0,0,2,1,0,0,0,0,11,0,0
https://asiagol.ligasportsbook.com/,35,0,2,1,3.875731503,4,1,0,3,1,0,0,1,0,14,0,0
https://apicl.datasyncapi.com/,30,0,2,1,3.806238929,4,1,0,3,1,0,0,1,0,11,0,0
https://breedsdusk.com/,23,0,1,1,3.849223912,3,0,0,3,1,0,0,1,0,10,0,0
https://proxyjs.su89-cdn.net/,29,0,2,1,4.159199529,5,1,0,3,1,1,2,1,0,8,0.068965517,0
https://adappi.co/,18,0,1,1,3.419381946,3,0,0,2,1,0,0,0,0,6,0,0
http://live1.pro2cdnlive.com/live/channel11.flv?wsSecret=269dfba22b46ef4d2572c6910a6d59ea&amp;wsABSTime=1761782541,114,0,3,0,4.992366059,11,1,2,3,19,0,33,1,0,11,0.289473684,0
https://lumos01.com/,20,0,1,1,3.68418372,3,0,0,3,1,0,2,1,0,7,0.1,0
https://tv12.lk21official.life/,31,0,2,1,3.993730584,4,1,0,4,1,0,4,0,0,12,0.129032258,0
https://a.3bd585d22524e94438d4bccbf0f51df4.com/,47,0,2,1,4.291097831,4,1,0,3,1,0,19,1,0,32,0.404255319,0
https://08.shinigami.asia/,26,0,2,1,3.613337314,4,1,0,4,1,0,2,0,0,9,0.076923077,0
https://bro138tq.com/,21,0,1,1,3.844232899,3,0,0,3,1,0,3,1,0,8,0.142857143,0
https://zagent1610.yg5sjx5kzy.com/,34,0,2,1,4.395998871,4,1,0,3,1,0,6,1,0,10,0.176470588,0
https://farmasetika.com/,24,0,1,1,3.823934896,3,0,0,3,1,0,0,1,0,11,0,0
https://static-nss.xhcdn.com/,29,0,2,1,3.771437029,5,1,0,3,1,0,0,1,0,5,0,0
https://link-baru.com/,22,0,1,1,4.152391278,4,0,0,3,1,1,0,1,0,9,0,0
https://coosync.com/,20,0,1,1,3.40869497,3,0,0,3,1,0,0,1,0,7,0,0
https://pencetlink.com/,23,0,1,1,3.762267391,3,0,0,3,1,0,0,1,0,10,0,0
https://zagent1595.hola.org/,28,0,2,1,4.039148672,4,1,0,3,1,0,4,1,0,4,0.142857143,0
https://fractionfridgejudiciary.com/,36,0,1,1,4.197159723,3,0,0,3,1,0,0,1,0,23,0,0
https://ojs.transpublika.com/,29,0,2,1,4.090234012,4,1,0,3,1,0,0,1,0,12,0,0
https://fongumporg.net/,23,0,1,1,3.762267391,3,0,0,3,1,0,0,1,0,10,0,0
https://nipamilk.com.vn/,24,0,2,1,3.886842188,4,0,0,5,1,0,0,0,0,8,0,0
http://ip.oxylabs.io/,21,0,2,0,3.689703732,4,1,0,2,1,0,0,0,0,7,0,0
https://pdqrimbase.top/,23,0,1,1,3.816402717,3,0,0,3,1,0,0,0,0,10,0,0
https://tv9.idlixku.com/,24,0,2,1,4.022055209,4,1,0,3,1,0,1,1,0,7,0.041666667,0
http://push.travistathree.com/push?uid=2CFEDB3FD6B127202568FB61539A41C4-E39B0878AF9AF09D807D4A397857AB4F537E28DA&amp;pkg=com.herocraft.game.dragon_and_dracula.free&amp;av=34&amp;sv=61.7&amp;model=22101316G&amp;brand=Redmi&amp;df=com.android.chrome&amp;dfver=131.0.6778.260,272,0,12,0,5.255367749,34,1,8,3,5,0,69,1,0,13,0.253676471,0
https://monitor.repocket.com/,29,0,2,1,3.728502116,4,1,0,3,1,0,0,1,0,8,0,0
https://ei.phncdn.com/,22,0,2,1,3.697845823,4,1,0,3,1,0,0,1,0,6,0,0
https://webtoons.com/,21,0,1,1,3.617809684,3,0,0,3,1,0,0,1,0,8,0,0
https://kp.zygousgauby.com/,27,0,2,1,3.986187965,4,1,0,3,1,0,0,1,0,11,0,0
https://www.mabruk.co.id/,25,0,3,1,3.99326969,5,1,0,4,1,0,0,0,0,6,0,0
http://http-test1.brdtnet.com/connection/http-test1.html,56,0,3,0,3.801595656,9,1,0,3,27,0,2,1,0,7,0.035714286,0
https://tv6.lk21official.cc/,28,0,2,1,4.012188404,4,1,0,2,1,0,3,0,0,12,0.107142857,0
https://embed.video-src.com/,28,0,2,1,3.9677201,5,1,0,3,1,1,0,1,0,9,0,0
https://pdf.sci-net.xyz/,24,0,2,1,3.938721876,5,1,0,3,1,1,0,0,0,7,0,0
https://kombatch.cc/,20,0,1,1,3.50869497,3,0,0,2,1,0,0,0,0,8,0,0
https://sentry.findaya.co.id/,29,0,3,1,3.952302978,5,1,0,4,1,0,0,0,0,7,0,0
https://64146810.blixcore.xyz/,30,0,2,1,4.348394346,4,1,0,3,1,0,8,0,0,8,0.266666667,0
https://ww7.litark.com/,23,0,2,1,3.936180434,4,1,0,3,1,0,1,1,0,6,0.043478261,0
https://lc.cosmicscans.asia/,28,0,2,1,3.553090084,4,1,0,4,1,0,0,0,0,11,0,0
https://zagent433.hola.org/,27,0,2,1,3.958229169,4,1,0,3,1,0,3,1,0,4,0.111111111,0
http://ping.urban-vpn.com/,26,0,2,0,3.997952699,5,1,0,3,1,1,0,1,0,9,0,0
https://videq.video/,20,0,1,1,3.58418372,3,0,0,5,1,0,0,0,0,5,0,0
https://perr.brightvpn.com/,27,0,2,1,3.902311576,4,1,0,3,1,0,0,1,0,9,0,0
https://samara.intim-fei.store/,31,0,2,1,3.824533407,5,1,0,5,1,1,0,0,0,9,0,0
https://zagent2847.hola.org/,28,0,2,1,4.110577243,4,1,0,3,1,0,4,1,0,4,0.142857143,0
http://dn.im-gb.com/dns/v5/select?tv=1761715471534&amp;deviceId=Q4201757316607836&amp;uid=7675604755266560&amp;dataTok=1527273597,129,0,2,0,4.886092257,16,1,4,3,14,1,56,1,0,5,0.434108527,0
https://xml-v4.pops.gg/,23,0,2,1,3.762267391,5,1,0,2,1,0,1,0,0,4,0.043478261,0
https://mainnet.rpc.river.build/,32,0,3,1,4.069548828,5,2,0,5,1,0,0,0,0,5,0,0
https://handicappedpreface.com/,31,0,1,1,3.889049536,3,0,0,3,1,0,0,1,0,18,0,0
https://adx.mosspf.com/,23,0,2,1,3.675310869,4,1,0,3,1,0,0,1,0,6,0,0
https://bato.to/,16,0,1,1,3.077819531,3,0,0,2,1,0,0,0,0,4,0,0
https://128.1.135.169/,22,1,3,1,3.572623664,5,0,0,0,1,0,10,0,0,13,0.454545455,0
https://vgl8ku.miccuu.com/,26,0,2,1,3.921029622,4,1,0,3,1,0,1,1,0,6,0.038461538,0
https://t4.lowtid.com/,22,0,2,1,3.697845823,4,1,0,3,1,0,1,1,0,6,0.045454545,0
https://zagent2672.hola.org/,28,0,2,1,4.039148672,4,1,0,3,1,0,4,1,0,4,0.142857143,0
https://marshalcurve.com/,25,0,1,1,3.89366069,3,0,0,3,1,0,0,1,0,12,0,0
https://ns.pintdapico.com/,26,0,2,1,3.690260391,4,1,0,3,1,0,0,1,0,10,0,0
https://difoozaumtojeb.net/,27,0,1,1,4.032303243,3,0,0,3,1,0,0,1,0,14,0,0
https://zagent2851.hola.org/,28,0,2,1,4.110577243,4,1,0,3,1,0,4,1,0,4,0.142857143,0
https://dyn.eatwxyz.com/,24,0,2,1,4.022055209,4,1,0,3,1,0,0,1,0,7,0,0
https://api.surfshark.com/,26,0,2,1,3.87314068,4,1,0,3,1,0,0,1,0,9,0,0
https://get-my-push.xyz/,24,0,1,1,3.772055209,5,0,0,3,1,1,0,0,0,11,0,0
https://wspri.gihiji.com/,25,0,2,1,3.73366069,4,1,0,3,1,0,0,1,0,6,0,0
https://64ypd.6w9hps.com/,25,0,2,1,3.86346519,4,1,0,3,1,0,4,1,0,6,0.16,0
http://verification.repocket.com/api/peer/verification,54,0,2,0,3.844972171,7,1,0,3,22,0,0,1,0,8,0,0
https://bolaresmi.ligasportsbook.com/,37,0,2,1,3.990009704,4,1,0,3,1,0,0,1,0,14,0,0
http://country-ID-1.mini5.opera-mini.net/,41,0,3,0,4.180365114,8,2,0,3,1,1,2,1,0,10,0.048780488,0
https://zagent2660.hola.org/,28,0,2,1,4.039148672,4,1,0,3,1,0,4,1,0,4,0.142857143,0
https://nexportviesders.com/,28,0,1,1,3.913799565,3,0,0,3,1,0,0,1,0,15,0,0
https://zagent2000.x-cdn-static.com/,36,0,2,1,4.173416585,6,1,0,3,1,1,4,1,0,12,0.111111111,0
https://newshinyd.com/,22,0,1,1,3.879664005,3,0,0,3,1,0,0,1,0,9,0,0
https://cn.macacusdame.com/,27,0,2,1,3.70804815,4,1,0,3,1,0,0,1,0,11,0,0
https://e45d0ac6.dexliron.xyz/,30,0,2,1,4.415061012,4,1,0,3,1,0,4,0,0,8,0.133333333,0
https://nhentai.net/,20,0,1,1,3.246439345,3,0,0,3,1,0,0,1,0,7,0,0
https://doujindesu.tv/,22,0,1,1,3.754441846,3,0,0,2,1,0,0,0,0,10,0,0
https://x-cdn-static.com/,25,0,1,1,3.78346519,5,0,0,3,1,1,0,1,0,12,0,0
https://goeco.mobi/,19,0,1,1,3.642149882,3,0,0,4,1,0,0,0,0,5,0,0
https://zagent1610.kbz0pwvxmv.com/,34,0,2,1,4.395998871,4,1,0,3,1,0,5,1,0,10,0.147058824,0
https://perr.yg5sjx5kzy.com/,28,0,2,1,4.137537511,4,1,0,3,1,0,2,1,0,10,0.071428571,0
https://b8d6gp.drh0920.com/,27,0,2,1,4.134336113,4,1,0,3,1,0,6,1,0,7,0.222222222,0
https://runoffree.bid/,22,0,1,1,3.879664005,3,0,0,3,1,0,0,0,0,9,0,0
https://perr.l-agent.me/,24,0,2,1,3.740601563,5,1,0,2,1,1,0,0,0,7,0,0
http://dn.im-gb.com/dns/v5/select?tv=1761759085816&amp;deviceId=Q4201757316607836&amp;uid=7675604755266560&amp;dataTok=1527273597,129,0,2,0,4.911659235,16,1,4,3,14,1,56,1,0,5,0.434108527,0
https://analytics-toolbar.urban-vpn.com/,40,0,2,1,4.165311532,6,1,0,3,1,1,0,1,0,9,0,0
https://diglink.id/,19,0,1,1,3.536886724,3,0,0,2,1,0,0,0,0,7,0,0
https://m.ome.tv/,17,0,2,1,3.292770194,4,1,0,2,1,0,0,0,0,3,0,0
https://proxyjs.holax.io/,25,0,2,1,3.78346519,4,1,0,2,1,0,0,0,0,5,0,0
http://www.rapidfilestorage.com/updates/ya/wrtzr_ytab_a_1/win/version.txt,73,0,3,0,4.434276916,13,1,0,3,42,0,1,1,0,16,0.01369863,0
https://uuidksinc.net/,22,0,1,1,3.663532755,3,0,0,3,1,0,0,1,0,9,0,0
https://ll.upbindsswythe.com/,29,0,2,1,4.090234012,4,1,0,3,1,0,0,1,0,13,0,0
https://84.247.144.19/,22,1,3,1,3.481714573,5,0,0,0,1,0,10,0,0,13,0.454545455,0
https://139-180-138-41.brdtnet.com/,35,0,2,1,4.229003731,7,1,0,3,1,0,11,1,0,7,0.314285714,0
https://zagent2014.c6gj-static.net/,35,0,2,1,4.15029266,5,1,0,3,1,1,5,1,0,11,0.142857143,0
https://am3.sec-tunnel.com/,27,0,2,1,3.958229169,5,1,0,3,1,1,1,1,0,10,0.037037037,0
https://lc3.cosmicscans.asia/,29,0,2,1,3.646966668,4,1,0,4,1,0,1,0,0,11,0.034482759,0
https://galleryepic.com/,24,0,1,1,3.970175521,3,0,0,3,1,0,0,1,0,11,0,0
https://www.bwin.com/,21,0,2,1,3.594465637,4,1,0,3,1,0,0,1,0,4,0,0
https://clientsdk.luminati-china.io/,36,0,2,1,4.027719016,5,1,0,2,1,1,0,0,0,14,0,0
https://www.sci-hub.se/,23,0,2,1,3.642489673,5,1,0,2,1,1,0,0,0,7,0,0
https://kyumik.com/,19,0,1,1,3.681880803,3,0,0,3,1,0,0,1,0,6,0,0
https://zagent2681.hola.org/,28,0,2,1,4.110577243,4,1,0,3,1,0,4,1,0,4,0.142857143,0
https://h5-static.aoneroom.com/,31,0,2,1,3.897587036,5,1,0,3,1,0,1,1,0,8,0.032258065,0
http://si3.quickcache.click/api/test?86155516544,48,0,2,0,4.259761658,7,1,0,5,9,0,12,0,0,10,0.25,0
https://d21.team/,17,0,1,1,3.528064312,3,0,0,4,1,0,2,0,0,3,0.117647059,0
https://ikiru.one/,18,0,1,1,3.683542362,3,0,0,3,1,0,0,0,0,5,0,0
https://jecromaha.info/,23,0,1,1,3.96900163,3,0,0,4,1,0,0,0,0,9,0,0
https://i2.xiaomac.com/,23,0,2,1,3.708132065,4,1,0,3,1,0,1,1,0,7,0.043478261,0
https://www.webtoons.com/,25,0,2,1,3.59326969,4,1,0,3,1,0,0,1,0,8,0,0
https://miniapp-api.sapa.co.id/,31,0,3,1,3.627763553,6,1,0,4,1,0,0,0,0,4,0,0
https://clientsdk.bright-sdk.com/,33,0,2,1,4.150158513,5,1,0,3,1,1,0,1,0,10,0,0
https://www.mindrops.com/,25,0,2,1,3.78346519,4,1,0,3,1,0,0,1,0,8,0,0
http://lumtest.com/myip.json,28,0,2,0,3.896291529,5,0,0,3,10,0,0,1,0,7,0,0
https://default0.sec-tunnel.com/,32,0,2,1,4.077819531,5,1,0,3,1,1,1,1,0,10,0.03125,0
https://ephraimstroked.cyou/,28,0,1,1,4.039148672,3,0,0,4,1,0,0,0,0,14,0,0
https://www.gihiji.com/,23,0,2,1,3.642489673,4,1,0,3,1,0,0,1,0,6,0,0
https://mcierjdce.cfd/,22,0,1,1,3.754441846,3,0,0,3,1,0,0,0,0,9,0,0
https://default2.sec-tunnel.com/,32,0,2,1,4.077819531,5,1,0,3,1,1,1,1,0,10,0.03125,0
http://dn.im-gb.com/dns/v5/select?tv=1761745766218&amp;deviceId=Q4201757316607836&amp;uid=7675604755266560&amp;dataTok=1527273597,129,0,2,0,4.887548281,16,1,4,3,14,1,56,1,0,5,0.434108527,0
https://bato.si/,16,0,1,1,3.280639062,3,0,0,2,1,0,0,0,0,4,0,0
https://manhwahub.net/,22,0,1,1,3.629219687,3,0,0,3,1,0,0,1,0,9,0,0
https://furoinalexas.com/,25,0,1,1,4.13366069,3,0,0,3,1,0,0,1,0,12,0,0
http://dn.im-gb.com/dns/v5/select?tv=1761745764659&amp;deviceId=Q4201757316607836&amp;uid=7675604755266560&amp;dataTok=1527273597,129,0,2,0,4.884251433,16,1,4,3,14,1,56,1,0,5,0.434108527,0
https://hentaicrot.com/,23,0,1,1,3.708132065,3,0,0,3,1,0,0,1,0,10,0,0
https://rlog.9gag.com/,22,0,2,1,3.754441846,4,1,0,3,1,0,1,1,0,4,0.045454545,0
https://kbz0pwvxmv.com/,23,0,1,1,3.96900163,3,0,0,3,1,0,1,1,0,10,0.043478261,0
https://iframe15.otomatis.vip/,30,0,2,1,3.923231429,4,1,0,3,1,0,2,0,0,8,0.066666667,0
https://czh5api.oplay.net/,26,0,2,1,3.921029622,4,1,0,3,1,0,1,1,0,5,0.038461538,0
https://detikglobalnews.com/,28,0,1,1,4.182005815,3,0,0,3,1,0,0,1,0,15,0,0
https://thumb-nss.xhcdn.com/,28,0,2,1,3.842370993,5,1,0,3,1,0,0,1,0,5,0,0
https://ownxml.bidderads.com/,29,0,2,1,4.185230133,4,1,0,3,1,0,0,1,0,9,0,0
https://am5.sec-tunnel.com/,27,0,2,1,3.958229169,5,1,0,3,1,1,1,1,0,10,0.037037037,0
https://jenkinkuttab.com/,25,0,1,1,3.97366069,3,0,0,3,1,0,0,1,0,12,0,0
https://167.71.37.75/,21,1,3,1,3.368042423,5,0,0,0,1,0,9,0,0,12,0.428571429,0
https://global.idnsp.net/,25,0,2,1,3.86346519,4,1,0,3,1,0,0,1,0,5,0,0
https://peer.repocket.com/,26,0,2,1,3.536414237,4,1,0,3,1,0,0,1,0,8,0,0
https://p1b3br.jkl6789.com/,27,0,2,1,4.282484261,4,1,0,3,1,0,6,1,0,7,0.222222222,0
https://zagent2691.x-cdn-static.com/,36,0,2,1,4.305496794,6,1,0,3,1,1,4,1,0,12,0.111111111,0
https://stelronsi.net/,22,0,1,1,3.481714573,3,0,0,3,1,0,0,1,0,9,0,0
https://d3vd4gwfdgic5s.cloudfront.net/,38,0,2,1,4.333325211,4,1,0,3,1,0,3,1,0,10,0.078947368,0
https://topworkredbay.shop/,27,0,1,1,3.828237502,3,0,0,4,1,0,0,0,0,13,0,0
https://oundhertobeconsist.org/,31,0,1,1,3.873235826,3,0,0,3,1,0,0,1,0,18,0,0
https://shirodoujin.com/,24,0,1,1,3.855388542,3,0,0,3,1,0,0,1,0,11,0,0
https://sektekomik.xyz/,23,0,1,1,3.729446195,3,0,0,3,1,0,0,0,0,10,0,0
https://fmoviesunblocked.net/,29,0,1,1,4.159199529,3,0,0,3,1,0,0,1,0,16,0,0
https://ejurnal.ung.ac.id/,26,0,3,1,4.026986833,5,1,0,4,1,0,0,0,0,3,0,0
https://journal.sekawan-org.id/,31,0,2,1,4.260332601,5,1,0,2,1,1,0,0,0,11,0,0
https://zagent1599.hola.org/,28,0,2,1,4.039148672,4,1,0,3,1,0,4,1,0,4,0.142857143,0
https://wsdexpri.gihiji.com/,28,0,2,1,3.994680368,4,1,0,3,1,0,0,1,0,6,0,0
http://www.hbxlmp.com/robots.txt,32,0,3,0,3.730337797,6,1,0,3,11,0,0,1,0,6,0,0
https://boo.world/,18,0,1,1,3.530493057,3,0,0,5,1,0,0,0,0,3,0,0
http://dn.im-gb.com/dns/v5/select?tv=1761725151255&amp;deviceId=Q4201757316607836&amp;uid=7675604755266560&amp;dataTok=1527273597,129,0,2,0,4.862067998,16,1,4,3,14,1,56,1,0,5,0.434108527,0
https://media.getintopc.com/,28,0,2,1,3.851823226,4,1,0,3,1,0,0,1,0,9,0,0
http://sg2.rapidcdn.xyz/api/test?687910553040,45,0,2,0,4.658302541,7,1,0,3,9,0,13,0,0,8,0.288888889,0
https://client.c6gj-static.net/,31,0,2,1,3.824533407,5,1,0,3,1,1,1,1,0,11,0.032258065,0
http://dn.im-gb.com/dns/v5/select?tv=1761783916040&amp;deviceId=662c1761188566524&amp;dataTok=1527273597,104,0,2,0,4.947835335,14,1,3,3,14,1,40,1,0,5,0.384615385,0
https://ghabovethec.info/,25,0,1,1,3.91326969,3,0,0,4,1,0,0,0,0,11,0,0
https://drakor.nimegami.id/,27,0,2,1,3.958229169,4,1,0,2,1,0,0,0,0,8,0,0
http://www.testupdate.info/updates/ya/wrtzr_ytab_a_1/win/version.txt?vqDpyDHYUVWMuIkobWIHhfgCMDHqONVlZ,102,0,3,0,5.060721333,14,1,0,4,42,0,1,0,0,10,0.009803922,0
https://klica33.com/,20,0,1,1,3.78418372,3,0,0,3,1,0,2,1,0,7,0.1,0
https://wayfarerorthodox.com/,29,0,1,1,3.952302978,3,0,0,3,1,0,0,1,0,16,0,0
https://mirror.myhyperspace.org/,32,0,2,1,3.840018266,4,1,0,3,1,0,0,1,0,12,0,0
https://zspeed-cdn.com/,23,0,1,1,3.795088586,4,0,0,3,1,1,0,1,0,10,0,0
https://go.eiscprts.com/,24,0,2,1,3.65726823,4,1,0,3,1,0,0,1,0,8,0,0
https://www.babepedia.com/,26,0,2,1,3.87314068,4,1,0,3,1,0,0,1,0,9,0,0
https://tauvineebisigi.net/,27,0,1,1,3.661932872,3,0,0,3,1,0,0,1,0,14,0,0
https://www.titsintops.com/,27,0,2,1,3.500283688,4,1,0,3,1,0,0,1,0,10,0,0
https://sur75.sur33989800000188.me/,35,0,2,1,3.954442575,4,1,0,2,1,0,16,0,0,17,0.457142857,0
https://komikmu.top/,20,0,1,1,3.446439345,3,0,0,3,1,0,0,0,0,7,0,0
https://img.dlsite.jp/,22,0,2,1,3.663532755,4,1,0,2,1,0,0,0,0,6,0,0
https://am0.sec-tunnel.com/,27,0,2,1,3.958229169,5,1,0,3,1,1,1,1,0,10,0.037037037,0
https://surgagg-image.idnsp.net/,32,0,2,1,3.929229297,5,1,0,3,1,0,0,1,0,5,0,0
https://mask-api.icloud.com/,28,0,2,1,3.994680368,5,1,0,3,1,0,0,1,0,6,0,0
http://syjmsm.com/mvsearch/%E6%83%85%E8%B6%A3%E8%A3%9D,54,0,1,0,4.332776622,5,0,0,3,37,0,11,1,0,6,0.203703704,0
https://157.20.32.133/,22,1,3,1,3.538310596,5,0,0,0,1,0,10,0,0,13,0.454545455,0
https://tapedhaji.cfd/,22,0,1,1,3.663532755,3,0,0,3,1,0,0,0,0,9,0,0
https://104.18.167.46/,22,1,3,1,3.538310596,5,0,0,0,1,0,10,0,0,13,0.454545455,0
https://zagent2703.hola.org/,28,0,2,1,4.110577243,4,1,0,3,1,0,4,1,0,4,0.142857143,0
http://www.zbshareware.net/referrals/image/chatzb/first/AI2.jpg,63,0,3,0,4.260534242,10,1,0,3,37,0,1,1,0,11,0.015873016,0
https://betsonsport.ru/,23,0,1,1,3.501397825,3,0,0,2,1,0,0,1,0,11,0,0
https://komikpoi.com/,21,0,1,1,3.463280518,3,0,0,3,1,0,0,1,0,8,0,0
https://floateeinc.blogspot.com/,32,0,2,1,3.976409766,4,1,0,3,1,0,0,1,0,8,0,0
https://3aeyk.bemobtrcks.com/,29,0,2,1,3.978333581,4,1,0,3,1,0,1,1,0,10,0.034482759,0
http://vx9dle.n0qq3z.com/75kdl5/,32,0,2,0,4.375,5,1,0,3,8,0,6,1,0,6,0.1875,0
https://skinnycrawlinglax.com/,30,0,1,1,4.189898095,3,0,0,3,1,0,0,1,0,17,0,0
https://komiktap.info/,22,0,1,1,3.663532755,3,0,0,4,1,0,0,0,0,8,0,0
https://bissommer.com/,22,0,1,1,3.629219687,3,0,0,3,1,0,0,1,0,9,0,0
https://hentaimama.io/,22,0,1,1,3.538310596,3,0,0,2,1,0,0,0,0,10,0,0
https://as-sg-2.relay.pawns.app/,32,0,3,1,3.827819531,7,2,0,3,1,0,1,0,0,5,0.03125,0
https://xhamster.com/,21,0,1,1,3.653756708,3,0,0,3,1,0,0,1,0,8,0,0
https://jp-api.namesvr.dev/,27,0,2,1,3.958229169,5,1,0,3,1,0,0,0,0,7,0,0
https://api-prod.northghost.com/,32,0,2,1,3.866729297,5,1,0,3,1,0,0,1,0,10,0,0
http://bee2025.top/vodplay/juq-851-1-1/,39,0,1,0,4.294910155,8,0,0,3,21,0,9,0,0,7,0.230769231,0
http://repo.unand.ac.id/43767/1/FILE%20BUKU%20PENGETAHUAN%20DASAR%20KAROTENOID.pdf,82,0,4,0,5.110736993,9,1,0,4,59,0,14,0,0,5,0.170731707,0
http://push.travistathree.com/push?uid=8B958363F480668C4DECB181AC25457B-71338DEDE1036B334FD73D00A73538D1314E9E76&amp;pkg=formula.math.formulas&amp;av=34&amp;sv=58.8&amp;model=Infinix%20X6833B&amp;brand=Infinix&amp;df=com.android.chrome&amp;dfver=141.0.7390.122,260,0,10,0,5.272012359,30,1,8,3,5,0,72,1,0,13,0.276923077,0
https://perr.zspeed-cdn.com/,28,0,2,1,3.869331261,5,1,0,3,1,1,0,1,0,10,0,0
https://mirror.lostspaceship.net/,33,0,2,1,3.824252831,4,1,0,3,1,0,0,1,0,13,0,0
https://muermoabject.shop/,26,0,1,1,3.87314068,3,0,0,4,1,0,0,0,0,12,0,0
https://mgcrspub.froepse.com/,29,0,2,1,3.88333746,4,1,0,3,1,0,0,1,0,7,0,0
https://perr.su89-cdn.net/,26,0,2,1,3.87314068,5,1,0,3,1,1,2,1,0,8,0.076923077,0
https://bz.berinseosmetic.com/,30,0,2,1,3.872905595,4,1,0,3,1,0,0,1,0,14,0,0
https://perr.x-cdn-static.com/,30,0,2,1,3.989898095,6,1,0,3,1,1,0,1,0,12,0,0
https://perr.kbz0pwvxmv.com/,28,0,2,1,4.110577243,4,1,0,3,1,0,1,1,0,10,0.035714286,0
https://av.airishoctapla.com/,29,0,2,1,3.771437029,4,1,0,3,1,0,0,1,0,13,0,0
https://czh5yiwan.oplay.net/,28,0,2,1,4.039148672,4,1,0,3,1,0,1,1,0,5,0.035714286,0
https://update.steamui.com/,27,0,2,1,3.763965743,4,1,0,3,1,0,0,1,0,7,0,0
https://holax.io/,17,0,1,1,3.4548224,3,0,0,2,1,0,0,0,0,5,0,0
https://tver.narkology.pro/,27,0,2,1,3.902311576,4,1,0,3,1,0,0,0,0,9,0,0
https://jcdn.tsyndicate.com/,28,0,2,1,3.896291529,4,1,0,3,1,0,0,1,0,10,0,0
https://macdn.aoneroom.com/,27,0,2,1,3.736006946,4,1,0,3,1,0,0,1,0,8,0,0
https://bavotm.hth7.homes/,26,0,2,1,3.594482507,4,1,0,5,1,0,1,0,0,4,0.038461538,0
https://whaichehuloo.com/,25,0,1,1,3.78346519,3,0,0,3,1,0,0,1,0,12,0,0
https://www.lianscans.com/,26,0,2,1,3.767183468,4,1,0,3,1,0,0,1,0,9,0,0
https://www.unnaturalred.pro/,29,0,2,1,3.857306857,4,1,0,3,1,0,0,0,0,12,0,0
https://shope.ee/,17,0,1,1,3.057476076,3,0,0,2,1,0,0,0,0,5,0,0
https://am1.sec-tunnel.com/,27,0,2,1,3.958229169,5,1,0,3,1,1,1,1,0,10,0.037037037,0
https://www.jago33.it.com/,26,0,3,1,3.81507241,5,2,0,3,1,0,2,1,0,2,0.076923077,0
http://www.testupdate.info/clrls/cl_rls.json,44,0,3,0,4.161263085,8,1,0,4,18,0,0,0,0,10,0,0
https://www.revenuecpmgate.com/,31,0,2,1,3.977916875,4,1,0,3,1,0,0,1,0,14,0,0
https://zagent2852.hola.org/,28,0,2,1,4.039148672,4,1,0,3,1,0,4,1,0,4,0.142857143,0
https://quietshalecompany.com/,30,0,1,1,4.056564762,3,0,0,3,1,0,0,1,0,17,0,0
https://www.sehrindeescort.com/,31,0,2,1,3.864698326,4,1,0,3,1,0,0,1,0,14,0,0
https://api.idnsp.net/,22,0,2,1,3.447401505,4,1,0,3,1,0,0,1,0,5,0,0
https://mihentai.com/,21,0,1,1,3.653756708,3,0,0,3,1,0,0,1,0,8,0,0
https://no.moschirammy.com/,27,0,2,1,3.736006946,4,1,0,3,1,0,0,1,0,11,0,0
https://videqs.com/,19,0,1,1,3.787143961,3,0,0,3,1,0,0,1,0,6,0,0
https://167.71.45.16/,21,1,3,1,3.427333494,5,0,0,0,1,0,9,0,0,12,0.428571429,0
https://data.ntbprov.go.id/,27,0,3,1,3.810081021,5,1,0,4,1,0,0,0,0,7,0,0
https://45.77.240.51/,21,1,3,1,3.558518613,5,0,0,0,1,0,9,0,0,12,0.428571429,0
https://www.bet365.bet.br/,26,0,3,1,3.584303179,5,1,0,5,1,0,3,0,0,6,0.115384615,0
https://refpa32010.com/,23,0,1,1,4.055958152,3,0,0,3,1,0,5,1,0,10,0.217391304,0
https://pac.rlinfraservices.com/,32,0,2,1,4.030639062,4,1,0,3,1,0,0,1,0,15,0,0
https://77c6a80e.montriva.xyz/,30,0,2,1,4.389898095,4,1,0,3,1,0,5,0,0,8,0.166666667,0
https://05.shinigami.asia/,26,0,2,1,3.613337314,4,1,0,4,1,0,2,0,0,9,0.076923077,0
https://biropbj.kalteng.go.id/,30,0,3,1,4.098068512,5,1,0,4,1,0,0,0,0,7,0,0
https://shirakami.xyz/,22,0,1,1,3.788754914,3,0,0,3,1,0,0,0,0,9,0,0
https://game.km717.com/,23,0,2,1,3.849223912,4,1,0,3,1,0,3,1,0,5,0.130434783,0
http://repo.unand.ac.id/4825/1/BUKU-DAP-01.pdf,46,0,4,0,4.62966162,11,1,0,4,23,0,7,0,0,5,0.152173913,0
https://go.serbiancasinoreviewsandbonuses.com/,46,0,2,1,4.137161141,4,1,0,3,1,0,0,1,0,30,0,0
https://janitorai.com/,22,0,1,1,3.754441846,3,0,0,3,1,0,0,1,0,9,0,0
https://clientsdk.luminatinet.com/,34,0,2,1,3.973512754,4,1,0,3,1,0,0,1,0,11,0,0
https://cm65.com/,17,0,1,1,3.4548224,3,0,0,3,1,0,2,1,0,4,0.117647059,0
https://wallet.ton.org/,23,0,2,1,3.708132065,4,1,0,3,1,0,0,1,0,3,0,0
https://aa.uu46.com/,20,0,2,1,3.68418372,4,1,0,3,1,0,2,1,0,4,0.1,0
https://www.sepenuhnya.com/,27,0,2,1,3.884155095,4,1,0,3,1,0,0,1,0,10,0,0
http://vx9dle.n0qq3z.com/42k0zk/,32,0,2,0,4.375,5,1,0,3,8,0,6,1,0,6,0.1875,0
https://luluv.do/,17,0,1,1,3.4548224,3,0,0,2,1,0,0,0,0,5,0,0
http://helsinki-dtc.com/clrls/cl_rls.json,41,0,2,0,4.080368395,8,0,0,3,18,1,0,1,0,12,0,0
https://lk21.de/,16,0,1,1,3.577819531,3,0,0,2,1,0,2,1,0,4,0.125,0
http://dn.im-gb.com/dns/v5/select?tv=1761716289851&amp;deviceId=b7481761657451888&amp;uid=4683513452821504&amp;dataTok=1527273597,129,0,2,0,4.910024238,16,1,4,3,14,1,56,1,0,5,0.434108527,0
https://perr.c6gj-static.net/,29,0,2,1,3.879893824,5,1,0,3,1,1,1,1,0,11,0.034482759,0
http://79.137.199.252/bot/regex,31,1,3,0,3.977916875,7,0,0,0,10,0,11,0,0,14,0.35483871,0
https://gq.carpiumexopt.com/,28,0,2,1,4.012188404,4,1,0,3,1,0,0,1,0,12,0,0
http://push.razkondronging.com/push?uid=BEEC3552C8FC441850C90B2E81FDF521-A16BA532DFB17BF2FB036F4BED3FCFC2C2912DB2&amp;pkg=com.modernsnake.nearme.gamecenter&amp;av=34&amp;sv=37.7&amp;model=23043RP34G&amp;brand=Xiaomi,215,0,6,0,5.263653957,22,1,6,3,5,0,50,1,0,14,0.23255814,0
https://s.pemsrv.com/,21,0,2,1,3.558518613,4,1,0,3,1,0,0,1,0,6,0,0
https://congerstunish.com/,26,0,1,1,3.844106545,3,0,0,3,1,0,0,1,0,13,0,0
https://sibalong.bpsksb.id/,27,0,2,1,3.810081021,4,1,0,2,1,0,0,0,0,6,0,0
https://bootstrap.pawns.app/,28,0,2,1,3.454701244,4,1,0,3,1,0,0,0,0,5,0,0
https://pacdn.aoneroom.com/,27,0,2,1,3.763965743,4,1,0,3,1,0,0,1,0,8,0,0
https://152.42.175.239/,23,1,3,1,3.642489673,5,0,0,0,1,0,11,0,0,14,0.47826087,0
http://spywaremaid.com/whitelist?smv=1.0.1.2&amp;wlv=1.3&amp;id=613d2f53689efab3d6992b2698bfb5bd,96,0,5,0,4.870613257,14,0,3,3,10,0,25,1,0,11,0.260416667,0
https://ic-vt-nss.xhpingcdn.com/,32,0,2,1,3.944548828,6,1,0,3,1,0,0,1,0,9,0,0
https://zagent2014.su89-cdn.net/,32,0,2,1,4.265319531,5,1,0,3,1,1,6,1,0,8,0.1875,0
https://allporncomic.com/,25,0,1,1,3.75326969,3,0,0,3,1,0,0,1,0,12,0,0
https://ic-ut-nss.xhcdn.com/,28,0,2,1,3.842370993,6,1,0,3,1,0,0,1,0,5,0,0
https://doujinku.org/,21,0,1,1,3.880179923,3,0,0,3,1,0,0,1,0,8,0,0
https://client.yg5sjx5kzy.com/,30,0,2,1,4.256564762,4,1,0,3,1,0,2,1,0,10,0.066666667,0
https://up.ousaqb.tech/,23,0,2,1,3.675310869,4,1,0,4,1,0,0,0,0,6,0,0
https://api.polargrizzly.com/,29,0,2,1,3.978333581,4,1,0,3,1,0,0,1,0,12,0,0
https://erstartirreleas.com/,28,0,1,1,3.655045547,3,0,0,3,1,0,0,1,0,15,0,0
https://am4.sec-tunnel.com/,27,0,2,1,3.958229169,5,1,0,3,1,1,1,1,0,10,0.037037037,0
https://sanynouncem.org/,24,0,1,1,3.938721876,3,0,0,3,1,0,0,1,0,11,0,0
http://updates.dorkbox.com/,27,0,2,0,4.004344446,4,1,0,3,1,0,0,1,0,7,0,0
https://res.ldrescdn.com/,25,0,2,1,3.78346519,4,1,0,3,1,0,0,1,0,8,0,0
https://api-app-slow.ljhsnzpc.com/,34,0,2,1,3.995715327,6,1,0,3,1,0,0,1,0,8,0,0
https://ua.realtimely.io/,25,0,2,1,3.86346519,4,1,0,2,1,0,0,0,0,10,0,0
https://poweredby.jads.co/,26,0,2,1,3.979097891,4,1,0,2,1,0,0,0,0,4,0,0
https://rondeldilates.cfd/,26,0,1,1,3.921029622,3,0,0,3,1,0,0,0,0,13,0,0
https://komikpix.com/,21,0,1,1,3.594465637,3,0,0,3,1,0,0,1,0,8,0,0
https://ap.ime.cdn.cootekservice.com/,37,0,4,1,3.959057082,6,3,0,3,1,0,0,1,0,13,0,0
https://api.9gag.com/,21,0,2,1,3.689703732,4,1,0,3,1,0,1,1,0,4,0.047619048,0
https://mangapark.io/,21,0,1,1,3.748994804,3,0,0,2,1,0,0,0,0,9,0,0
http://www.zbshareware.net/referrals/setting/remoteref.ini,58,0,3,0,3.942900608,8,1,0,3,32,0,0,1,0,11,0,0
https://fbappi.co/,18,0,1,1,3.530493057,3,0,0,2,1,0,0,0,0,6,0,0
https://zagent1589.hola.org/,28,0,2,1,4.110577243,4,1,0,3,1,0,4,1,0,4,0.142857143,0
https://fleraprt.com/,21,0,1,1,3.748994804,3,0,0,3,1,0,0,1,0,8,0,0
https://64146810.xidunero.xyz/,30,0,2,1,4.348394346,4,1,0,3,1,0,8,0,0,8,0.266666667,0
https://inappi.co/,18,0,1,1,3.419381946,3,0,0,2,1,0,0,0,0,6,0,0
https://pl23407629.profitableratecpm.com/,41,0,2,1,4.412310846,4,1,0,3,1,0,8,1,0,17,0.195121951,0
https://api-pro.urban-vpn.com/,30,0,2,1,4.015061012,6,1,0,3,1,1,0,1,0,9,0,0
https://clk.wbidder4.com/,25,0,2,1,4.13366069,4,1,0,3,1,0,1,1,0,8,0.04,0
https://www.yasir252.com/,25,0,2,1,3.94346519,4,1,0,3,1,0,3,1,0,8,0.12,0
https://maxwin288e.online/,26,0,1,1,4.026986833,3,0,0,6,1,0,3,0,0,10,0.115384615,0
http://mini5.opera-mini.net/generate_204,40,0,2,0,4.062814895,7,1,0,3,13,1,4,1,0,10,0.1,0
https://e45d0ac6.mordexia.xyz/,30,0,2,1,4.348394346,4,1,0,3,1,0,4,0,0,8,0.133333333,0
https://videq.my/,17,0,1,1,3.690116518,3,0,0,2,1,0,0,0,0,5,0,0
https://wow-i-get-push.com/,27,0,1,1,3.856196298,6,0,0,3,1,1,0,1,0,14,0,0
https://jurnal.umt.ac.id/,25,0,3,1,3.91326969,5,1,0,4,1,0,0,0,0,3,0,0
https://ar-io.net/,18,0,1,1,3.641604168,4,0,0,3,1,1,0,1,0,5,0,0
https://moscow.sci-hub.st/,26,0,2,1,3.719294526,5,1,0,2,1,1,0,0,0,7,0,0
https://user7.setupvpn.com/,27,0,2,1,3.828237502,4,1,0,3,1,0,1,1,0,8,0.037037037,0
https://e-hentai.org/,21,0,1,1,3.748994804,4,0,0,3,1,1,0,1,0,8,0,0
https://sg.mangatoon.mobi/,26,0,2,1,3.690260391,4,1,0,4,1,0,0,0,0,9,0,0
http://yxdt.game.keniub.com/plugins_browse/loginconnects.dat,60,0,4,0,4.436243413,9,2,0,3,33,0,0,1,0,6,0,0
https://checkout.skims.com/,27,0,2,1,3.680089354,4,1,0,3,1,0,0,1,0,5,0,0
https://usheebainaut.com/,25,0,1,1,3.86346519,3,0,0,3,1,0,0,1,0,12,0,0
http://inaccuracy.net/proxyjet,30,0,1,0,3.923231429,4,0,0,3,9,0,0,1,0,10,0,0
https://getintopc.com/,22,0,1,1,3.606936732,3,0,0,3,1,0,0,1,0,9,0,0
http://4porngames.dominatrixonline.net/pt/sakura-xxx/,53,0,2,0,4.207102361,7,1,0,3,15,0,1,1,0,16,0.018867925,0
https://authentication.urban-vpn.com/,37,0,2,1,4.044063758,5,1,0,3,1,1,0,1,0,9,0,0
http://dn.im-gb.com/dns/v5/select?tv=1761716072950&amp;deviceId=Q4201757316607836&amp;uid=7675604755266560&amp;dataTok=1527273597,129,0,2,0,4.888165175,16,1,4,3,14,1,56,1,0,5,0.434108527,0
https://proxyjs.zspeed-cdn.com/,31,0,2,1,4.106949133,5,1,0,3,1,1,0,1,0,10,0,0
https://sndcywqkmt.top/,23,0,1,1,3.795088586,3,0,0,3,1,0,0,0,0,10,0,0
https://client.zspeed-cdn.com/,30,0,2,1,3.939572262,5,1,0,3,1,1,0,1,0,10,0,0
http://live1.pro2cdnlive.com/live/channel6.flv?wsSecret=e28597a1398d50e64dde9dcb12eeddd2&amp;wsABSTime=1761613083,113,0,3,0,4.974669286,11,1,2,3,18,0,30,1,0,11,0.265486726,0
https://click-v4.exmainclckback.com/,36,0,2,1,4.141604168,5,1,0,3,1,0,1,1,0,14,0.027777778,0
https://www.betsonsport.ru/,27,0,2,1,3.633974076,4,1,0,2,1,0,0,1,0,11,0,0
https://pl26232776.effectiveratecpm.com/,40,0,2,1,4.196439345,4,1,0,3,1,0,8,1,0,16,0.2,0
https://m.eajzzxhro.com/,24,0,2,1,3.886842188,4,1,0,3,1,0,0,1,0,9,0,0
https://geo.geosurf.io/,23,0,2,1,3.675310869,4,1,0,2,1,0,0,0,0,7,0,0
https://tv1.nontondrama.my/,27,0,2,1,3.810081021,4,1,0,2,1,0,1,0,0,11,0.037037037,0
https://user2.setupvpn.com/,27,0,2,1,3.828237502,4,1,0,3,1,0,1,1,0,8,0.037037037,0
https://find-it.pro/,20,0,1,1,3.646439345,4,0,0,3,1,1,0,0,0,7,0,0
http://dn.im-gb.com/dns/v5/select?tv=1761745761908&amp;deviceId=Q4201757316607836&amp;uid=7675604755266560&amp;dataTok=1527273597,129,0,2,0,4.909520892,16,1,4,3,14,1,56,1,0,5,0.434108527,0
https://pxl-eu.rtb.tsyndicate.com/,34,0,3,1,4.231009445,6,2,0,3,1,0,0,1,0,10,0,0
https://dawac.com/,18,0,1,1,3.572431251,3,0,0,3,1,0,0,1,0,5,0,0
https://zenmate.com/,20,0,1,1,3.646439345,3,0,0,3,1,0,0,1,0,7,0,0
https://143-244-161-143.brdtnet.com/,36,0,2,1,4.127986807,7,1,0,3,1,0,12,1,0,7,0.333333333,0
http://files.testupdate.info/updates/ya/wrtzr_ytab_a_1/win/version.txt?stJsWRYvkrMLzNOzCINZSCNdmSOnlmpDK,104,0,3,0,5.025355817,14,1,0,4,42,0,1,0,0,10,0.009615385,0
https://fr.faponic.com/,23,0,2,1,3.795088586,4,1,0,3,1,0,0,1,0,7,0,0
https://imbutepierces.qpon/,27,0,1,1,3.902311576,3,0,0,4,1,0,0,0,0,13,0,0
https://airdateanimist.top/,27,0,1,1,3.648431836,3,0,0,3,1,0,0,0,0,14,0,0
https://moviebox.ph/,20,0,1,1,3.68418372,3,0,0,2,1,0,0,0,0,8,0,0
https://iwhaustaih.com/,23,0,1,1,3.642489673,3,0,0,3,1,0,0,1,0,10,0,0
https://zagent2691.su89-cdn.net/,32,0,2,1,4.202819531,5,1,0,3,1,1,6,1,0,8,0.1875,0
https://api.gotinder.com/,25,0,2,1,3.94346519,4,1,0,3,1,0,0,1,0,8,0,0
https://client-cdn4.hola.org/,29,0,2,1,4.116264616,5,1,0,3,1,0,1,1,0,4,0.034482759,0
https://id.seedbacklink.com/,28,0,2,1,4.06610894,4,1,0,3,1,0,0,1,0,12,0,0
https://thewsere.top/,21,0,1,1,3.272804327,3,0,0,3,1,0,0,0,0,8,0,0
https://lleana.com/,19,0,1,1,3.681880803,3,0,0,3,1,0,0,1,0,6,0,0
https://am2.sec-tunnel.com/,27,0,2,1,3.958229169,5,1,0,3,1,1,1,1,0,10,0.037037037,0
https://su89-cdn.net/,21,0,1,1,3.748994804,4,0,0,3,1,1,2,1,0,8,0.095238095,0
https://wewjyw.qb6ges.com/,26,0,2,1,4.026986833,4,1,0,3,1,0,1,1,0,6,0.038461538,0
https://91.193.18.229/,22,1,3,1,3.413088436,5,0,0,0,1,0,10,0,0,13,0.454545455,0
https://theacru.org/,20,0,1,1,3.646439345,3,0,0,3,1,0,0,1,0,7,0,0
https://t2.nhentai.net/,23,0,2,1,3.344456935,4,1,0,3,1,0,1,1,0,7,0.043478261,0
https://www.kalenderlengkap.com/,32,0,2,1,4.116729297,4,1,0,3,1,0,0,1,0,15,0,0
http://configuration.weatherforecastsdaily.com/configuration?version=1.0.2.10&amp;campaign=weather-fp,101,0,5,0,4.608638989,13,1,2,3,14,0,5,1,0,21,0.04950495,0
https://static.xhpingcdn.com/,29,0,2,1,3.840402547,4,1,0,3,1,0,0,1,0,9,0,0
https://motionmuse.ai/,22,0,1,1,3.663532755,3,0,0,2,1,0,0,0,0,10,0,0
https://zagent2660.yg5sjx5kzy.com/,34,0,2,1,4.395998871,4,1,0,3,1,0,6,1,0,10,0.176470588,0
https://gleecheeftoo.net/,25,0,1,1,3.509275071,3,0,0,3,1,0,0,1,0,12,0,0
https://ic-st-nss.xhcdn.com/,28,0,2,1,3.726474118,6,1,0,3,1,0,0,1,0,5,0,0
https://syndication.realsrv.com/,32,0,2,1,4.116729297,4,1,0,3,1,0,0,1,0,7,0,0
https://shop.dvfb02.com/,24,0,2,1,3.886842188,4,1,0,3,1,0,2,1,0,6,0.083333333,0
https://zagent1618.hola.org/,28,0,2,1,4.039148672,4,1,0,3,1,0,4,1,0,4,0.142857143,0
https://zagent2687.hola.org/,28,0,2,1,4.110577243,4,1,0,3,1,0,4,1,0,4,0.142857143,0
http://push.travistathree.com/push?uid=6F0CD79B712C763BAFDF9425781491F1-18E4DDEFB03B52ED1FCCFB0F9B8D23E24A2E1500&amp;pkg=com.trumptalk.nearme.gamecenter&amp;av=33&amp;sv=31.1&amp;model=RMX3511&amp;brand=realme,209,0,6,0,5.22435874,22,1,6,3,5,0,50,1,0,13,0.23923445,0
https://proxyjs.brdtnet.com/,28,0,2,1,3.994680368,4,1,0,3,1,0,0,1,0,7,0,0
http://zagent3.hola.org/bwfile?size=1048576,43,0,2,0,4.722435394,7,1,1,3,7,0,8,1,0,4,0.186046512,0
https://overbridgenet.com/,26,0,1,1,3.997952699,3,0,0,3,1,0,0,1,0,13,0,0
https://c6gj-static.net/,24,0,1,1,3.736440502,4,0,0,3,1,1,1,1,0,11,0.041666667,0
https://edaukooru.net/,22,0,1,1,3.754441846,3,0,0,3,1,0,0,1,0,9,0,0
https://zagent2709.hola.org/,28,0,2,1,4.110577243,4,1,0,3,1,0,4,1,0,4,0.142857143,0
http://dn.im-gb.com/dns/v5/select?tv=1761747943788&amp;deviceId=Q4201757316607836&amp;uid=7675604755266560&amp;dataTok=1527273597,129,0,2,0,4.928108312,16,1,4,3,14,1,56,1,0,5,0.434108527,0
https://client.kbz0pwvxmv.com/,30,0,2,1,4.256564762,4,1,0,3,1,0,1,1,0,10,0.033333333,0
https://139-180-143-127.brdtnet.com/,36,0,2,1,4.350209029,7,1,0,3,1,0,12,1,0,7,0.333333333,0
https://zagent1592.hola.org/,28,0,2,1,4.110577243,4,1,0,3,1,0,4,1,0,4,0.142857143,0
https://ejurnal.itenas.ac.id/,29,0,3,1,3.926272374,5,1,0,4,1,0,0,0,0,6,0,0
https://e2ertt.com/,19,0,1,1,3.471354487,3,0,0,3,1,0,1,1,0,6,0.052631579,0
https://tv10.idlixku.com/,25,0,2,1,4.10346519,4,1,0,3,1,0,2,1,0,7,0.08,0
http://www.rapidfilestorage.com/updates/ya/wrtzr_ytab_a_1/win/version.txt?zGfPRryJIJsOqNuGlLeyYskzyiSTRPIEe,107,0,3,0,5.055543539,14,1,0,3,42,0,1,1,0,16,0.009345794,0
https://api.datasyncapi.com/,28,0,2,1,3.726474118,4,1,0,3,1,0,0,1,0,11,0,0
https://delta-executor.com/,27,0,1,1,3.958229169,4,0,0,3,1,1,0,1,0,14,0,0
https://jurnal.ittc.web.id/,27,0,3,1,4.032303243,5,1,0,5,1,0,0,0,0,4,0,0
https://pxl-us.rtb.tsyndicate.com/,34,0,3,1,4.208806871,6,2,0,3,1,0,0,1,0,10,0,0
http://www.rapidfilestorage.com/updates/ya/wrtzr_ytab_a_1/win/upd2set.js?3010738,80,0,3,0,4.703903915,14,1,0,3,41,0,9,1,1,16,0.1125,0
https://vr46.dxnt.net/,22,0,2,1,3.697845823,4,1,0,3,1,0,2,1,0,4,0.090909091,0
https://152.32.171.118/,23,1,3,1,3.431413457,5,0,0,0,1,0,11,0,0,14,0.47826087,0
https://promo3010.click/,24,0,1,1,3.970175521,3,0,0,5,1,0,4,0,0,9,0.166666667,0
https://139-180-142-116.brdtnet.com/,36,0,2,1,4.305496794,7,1,0,3,1,0,12,1,0,7,0.333333333,0
http://www.rapidfilestorage.com/clrls/cl_rls.json,49,0,3,0,4.239524579,8,1,0,3,18,0,0,1,0,16,0,0
http://www.change.org/,22,0,2,0,3.663532755,4,1,0,3,1,0,0,1,0,6,0,0
https://komikremaja.icu/,24,0,1,1,3.970175521,3,0,0,3,1,0,0,0,0,11,0,0
https://www.cc1eaner.com/,25,0,2,1,3.83326969,4,1,0,3,1,0,1,1,0,8,0.04,0
https://eexevaudraikair.net/,28,0,1,1,3.869331261,3,0,0,3,1,0,0,1,0,15,0,0
https://tunnel.googlezip.net/,29,0,2,1,3.745406426,4,1,0,3,1,0,0,1,0,9,0,0
http://admgwebpanel.my.id/api/endpoint.php,42,0,3,0,3.944841529,7,0,0,4,17,0,0,0,0,12,0,0
https://simpcity.cr/,20,0,1,1,3.446439345,3,0,0,2,1,0,0,0,0,8,0,0
https://invl.io/,16,0,1,1,3.452819531,3,0,0,2,1,0,0,0,0,4,0,0
https://czh5-wss.oplay.net/,27,0,2,1,4.004344446,5,1,0,3,1,0,1,1,0,5,0.037037037,0
https://static-src.vocagame.com/,32,0,2,1,3.866729297,5,1,0,3,1,0,0,1,0,8,0,0
https://sci-hub.st/,19,0,1,1,3.391892645,4,0,0,2,1,1,0,0,0,7,0,0
https://www.tooncubus.top/,26,0,2,1,3.536414237,4,1,0,3,1,0,0,0,0,9,0,0
https://sekaikomik.mom/,23,0,1,1,3.555533151,3,0,0,3,1,0,0,0,0,10,0,0
https://www.288sb.com/,22,0,2,1,3.663532755,4,1,0,3,1,0,3,1,0,5,0.136363636,0
https://ms1.badak178fix.store/,30,0,2,1,4.231401845,4,1,0,5,1,0,4,0,0,11,0.133333333,0
http://dn.im-gb.com/dns/v5/select?tv=1761745764930&amp;deviceId=Q4201757316607836&amp;uid=7675604755266560&amp;dataTok=1527273597,129,0,2,0,4.904946547,16,1,4,3,14,1,56,1,0,5,0.434108527,0
https://bebidasdosul.com.br/,28,0,2,1,4.012188404,4,0,0,5,1,0,0,0,0,12,0,0
